Name,Rarity,PrimaryRoleGroup,PrimaryAttackCategory,RangeClass,Health,Damage,TotalDamage,MovementSpeed,RangeCategory,Class,EffectiveRangeTiles,RangeScore,AmmoCount,ReloadSpeedClass,ReloadSpeedScore,AttackCooldownClass,AttackCooldownScore,ProjectileSpeedClass,ProjectileSpeedScore,ProjectileWidthClass,ProjectileWidthScore,BurstDamageClass,BurstDamageScore,SustainedDPSClass,SustainedDPSScore,SuperChargeRateClass,SuperChargeRateScore,MobilityScore,EngageScore,EscapeScore,AimPrecision,PositioningImportance,DecisionComplexity,MechanicalDifficulty,SkillFloor,SkillCeiling,AreaControlScore,LaneControlScore,ObjectivePressureScore,TeamUtilityScore,SurvivabilityScore,PokePressureScore,CloseRangeThreatScore,HasThrowAttack,HasShotgunSpread,HasMeleePrimary,HasContinuousAttack,HasBounceAttack,HasDeployableCore,HasPrecisionProjectile,HasMultiProjectilePattern,HasAreaPrimary,HasDash,HasJumpOrTeleport,HasHealing,HealingType,HasStun,HasSlow,HasKnockback,HasPull,HasSilence,HasShield,HasInvisibility,HasPetOrSummon,HasPiercing,HasSplashDamage,HasWallBreak,CanZone,CanScoutBushes,SuperType,HealingGroup,SuperTypeGroup,PrimaryWinConditionGroup,ManualReviewFlag,ReleasedForCurrentDataset,SourceURL,DiamondWinRate,GoldWinRate,LegendaryWinRate,MastersWinRate,MythicWinRate,SilverWinRate,DiamondUseRate,GoldUseRate,LegendaryUseRate,MastersUseRate,MythicUseRate,SilverUseRate,DiamondMetaScore,GoldMetaScore,LegendaryMetaScore,MastersMetaScore,MythicMetaScore,SilverMetaScore,AverageMetaScore,AverageWinRate,AverageUseRate,MetaScoreStdDev,WinRateStdDev,UseRateStdDev,MetaScoreRange,WinRateRange,UseRateRange,MetaScoreScaling,WinRateScaling,UseRateScaling
8-Bit,Super Rare,DamageDealer,Deployable,Long,10400.0,6 x 640,3840.0,Very Slow,Very Long,Damage Dealer,9.7,4,3,Slow,2,Slow,2,Fast,4,Thin,2,Medium,3,VeryHigh,5,Normal,3,1,1,1,3,3,3,3,3,3,4,3,5,4,4,4,3,0,0,0,0,0,1,0,0,0,0,0,0,,0,0,0,0,0,0,0,1,0,0,0,1,1,Buff,,Utility,HybridDamage,0,1,https://brawlify.com/brawlers; https://supercell.com/en/games/brawlstars/blog/release-notes/release-notes-june-2026/,47.3,41.8,48.3,57.1,49.1,30.1,0.38,0.6,0.1,0.06,0.17,1.09,3.6,2.3,1.5,0.6,2.4,2.1,2.0833333333333335,45.616666666666674,0.39999999999999997,0.9988326519826365,9.048406857931768,0.39370039370059057,3.0,27.0,1.03,-1.5,27.0,-1.03
Alli,Mythic,Assassin,MultiProjectile,Short,7800.0,2600,2600.0,Fast,Short,Assassin,3.0,1,3,Fast,4,Fast,4,Fast,4,Thin,2,VeryHigh,5,Medium,3,Fast,4,5,5,4,3,4,4,4,3,5,2,2,4,1,3,1,5,0,0,0,0,0,0,0,1,0,1,0,0,,0,1,1,0,0,0,0,0,0,0,0,1,1,Mobility,,Mobility,CloseRange,1,1,https://brawlify.com/brawlers; https://supercell.com/en/games/brawlstars/blog/release-notes/release-notes-june-2026/,48.9,51.6,48.9,43.9,48.1,56.3,0.38,0.22,0.83,0.88,0.52,0.18,3.8,1.4,6.5,3.2,5.1,1.5,3.5833333333333326,49.61666666666667,0.5016666666666666,2.005409351396035,4.113595345517916,0.29962754657518836,5.1,12.399999999999999,0.7,1.7000000000000002,-12.399999999999999,0.7
Amber,Legendary,Controller,Continuous,Long,6800.0,4200,4200.0,Normal,Long,Controller,8.3,4,1,Normal,3,VeryFast,5,Fast,4,Wide,4,High,4,VeryHigh,5,Normal,3,2,2,2,2,4,4,3,2,4,5,4,4,3,3,4,2,0,0,0,1,0,0,0,0,1,0,0,0,,0,1,1,0,0,0,0,0,1,0,0,1,1,AreaControl,,AreaControl,ZoneControl,0,1,https://brawlify.com/brawlers; https://supercell.com/en/games/brawlstars/blog/release-notes/release-notes-june-2026/,46.3,47.3,52.1,52.0,48.7,58.2,0.34,0.39,0.48,0.81,0.31,0.39,3.3,2.0,5.5,4.0,3.7,3.0,3.5833333333333335,50.76666666666667,0.45333333333333337,1.16518954109049,4.35415510365291,0.18402898322456349,3.5,11.900000000000006,0.5,1.0,-6.200000000000003,0.42000000000000004
Angelo,Epic,Marksman,Precision,Very Long,6200.0,4000,4000.0,Very Fast,Very Long,Marksman,10.0,5,1,Normal,3,Slow,2,VeryFast,5,Narrow,1,VeryHigh,5,Low,2,Normal,3,4,2,4,5,5,4,4,3,5,2,5,3,2,2,5,1,0,0,0,0,0,0,1,0,0,0,0,0,,0,1,0,0,0,0,0,0,1,0,0,1,1,Damage,,Damage,LongRangePick,0,1,https://brawlify.com/brawlers; https://supercell.com/en/games/brawlstars/blog/release-notes/release-notes-june-2026/,53.0,57.4,50.5,46.7,52.3,56.3,0.54,0.32,1.4,1.57,0.89,0.29,5.4,2.3,7.9,4.2,7.3,2.2,4.883333333333334,52.699999999999996,0.835,2.4309805977561125,3.902307009962182,0.5498636194548608,5.7,10.699999999999996,1.28,2.0,-9.599999999999994,1.28
Ash,Epic,Tank,Melee,Short,11800.0,1600,1600.0,Normal,Normal,Tank,3.0,1,3,Fast,4,Fast,4,VeryFast,5,Normal,3,High,4,High,4,Fast,4,3,4,3,2,4,4,3,3,4,2,2,4,1,5,1,5,0,0,1,0,0,0,0,0,0,0,0,1,Self,0,1,1,0,0,0,0,1,1,0,0,1,1,Damage,Self,Damage,CloseRange,0,1,https://brawlify.com/brawlers; https://supercell.com/en/games/brawlstars/blog/release-notes/release-notes-june-2026/,56.6,47.8,50.4,61.1,51.1,20.1,0.12,0.13,0.13,0.11,0.11,0.4,1.9,0.8,2.0,1.1,1.8,0.6,1.3666666666666665,47.85,0.16666666666666666,0.6088240030309799,14.417038530849531,0.11465891446663304,1.4,41.0,0.29000000000000004,0.5000000000000001,41.0,-0.29000000000000004
Barley,Rare,Hybrid,Thrower,Long,5400.0,1600,1600.0,Normal,Long,Artillery,7.3,4,3,Normal,3,Normal,3,Slow,2,Wide,4,Medium,3,Medium,3,Normal,3,2,2,2,3,5,4,3,3,4,5,4,4,2,2,4,3,1,0,0,0,0,0,0,0,1,0,0,1,Self/Area,0,1,0,0,0,0,0,0,0,1,0,1,1,AreaControl,Other,AreaControl,ZoneControl,0,1,https://brawlify.com/brawlers; https://supercell.com/en/games/brawlstars/blog/release-notes/release-notes-june-2026/,50.2,45.7,50.2,56.8,50.1,34.4,0.47,0.47,0.2,0.13,0.33,0.7,4.6,2.2,2.8,1.2,4.1,2.0,2.8166666666666664,47.900000000000006,0.3833333333333333,1.302945381306011,7.506264050777857,0.2078140194180043,3.3999999999999995,22.4,0.57,-0.8,22.4,-0.57
Bea,Epic,Marksman,Precision,Very Long,5600.0,1600,1600.0,Normal,Very Long,Marksman,10.0,5,3,Normal,3,Normal,3,VeryFast,5,Narrow,1,VeryHigh,5,Low,2,Normal,3,2,1,2,5,4,4,4,3,5,3,5,3,2,2,5,1,0,0,0,0,0,0,1,0,0,0,0,0,,0,1,1,0,0,0,0,0,1,0,0,1,1,Slow,,Slow,LongRangePick,0,1,https://brawlify.com/brawlers; https://supercell.com/en/games/brawlstars/blog/release-notes/release-notes-june-2026/,48.6,50.9,50.4,50.0,48.0,48.4,0.64,0.6,0.35,0.28,0.5,0.59,5.2,3.2,4.3,1.9,5.0,3.0,3.766666666666666,49.38333333333333,0.49333333333333335,1.284782731307775,1.200694243621858,0.14719601443879746,3.3000000000000003,2.8999999999999986,0.36,-1.1,1.6000000000000014,-0.30999999999999994
Belle,Epic,Marksman,Bounce,Very Long,5800.0,2080,2080.0,Normal,Very Long,Marksman,10.0,5,3,Slow,2,Slow,2,Fast,4,Thin,2,Medium,3,Medium,3,Normal,3,2,1,2,5,4,4,4,3,5,3,5,3,3,2,5,1,0,0,0,0,1,0,0,0,0,0,0,0,,0,1,0,0,0,0,0,0,1,0,0,1,1,Debuff,,Utility,LongRangePick,0,1,https://brawlify.com/brawlers; https://supercell.com/en/games/brawlstars/blog/release-notes/release-notes-june-2026/,52.0,50.2,49.1,48.9,48.6,48.2,0.66,0.51,1.13,0.79,0.93,0.48,5.8,2.7,7.2,3.6,6.6,2.6,4.750000000000001,49.5,0.75,2.0334699407662753,1.397139935725838,0.2517935662402834,4.6,3.799999999999997,0.6499999999999999,1.0,0.6999999999999957,0.31000000000000005
Berry,Epic,Support,Thrower,Long,5200.0,1320,1320.0,Normal,Normal,Support,7.0,4,3,Normal,3,Normal,3,Slow,2,Wide,4,Medium,3,Medium,3,Normal,3,2,2,2,3,5,5,4,3,5,5,4,4,5,3,4,2,1,0,0,0,0,0,0,0,1,0,0,1,Ally/Area,0,1,1,0,0,0,0,0,1,1,0,1,1,Healing,Ally/Area,Healing,ZoneControl,0,1,https://brawlify.com/brawlers; https://supercell.com/en/games/brawlstars/blog/release-notes/release-notes-june-2026/,50.3,48.4,49.6,55.2,50.7,41.5,0.49,0.4,0.36,0.42,0.44,0.47,4.7,2.1,4.3,3.0,5.0,2.1,3.533333333333333,49.28333333333333,0.42999999999999994,1.3033290707517677,4.461128407327755,0.04732863826479693,2.9,13.700000000000003,0.13,0.8999999999999999,13.700000000000003,-0.04999999999999999
Bibi,Epic,Tank,Melee,Short,10000.0,2800,2800.0,Very Fast,Short,Tank,3.7,1,3,Normal,3,Slow,2,VeryFast,5,VeryWide,5,High,4,Medium,3,Normal,3,4,4,4,2,4,4,3,2,4,2,3,4,2,4,1,5,0,0,1,0,0,0,0,0,0,1,0,1,Self,0,1,1,0,0,1,0,0,1,0,0,1,1,Mobility,Self,Mobility,CloseRange,0,1,https://brawlify.com/brawlers; https://supercell.com/en/games/brawlstars/blog/release-notes/release-notes-june-2026/,53.2,55.3,52.7,52.4,53.9,55.0,2.06,2.2,0.57,0.31,1.23,2.48,8.2,6.9,6.2,2.2,8.3,6.3,6.3500000000000005,53.75,1.4750000000000003,2.2259829289552067,1.201249349635619,0.9070997740050429,6.1000000000000005,2.8999999999999986,2.17,-4.1,-2.6000000000000014,-2.17
Bo,Epic,Controller,AreaControl,Long,7600.0,3 x 1280,3840.0,Normal,Long,Controller,8.7,4,3,Normal,3,Normal,3,Normal,3,Wide,4,High,4,High,4,Normal,3,2,2,2,4,4,4,3,2,4,4,4,4,3,3,4,3,0,0,0,0,0,0,0,0,1,0,0,0,,1,1,1,0,0,0,0,1,0,1,1,1,1,Control,,AreaControl,ZoneControl,0,1,https://brawlify.com/brawlers; https://supercell.com/en/games/brawlstars/blog/release-notes/release-notes-june-2026/,52.6,57.1,46.6,45.9,52.3,70.9,2.83,2.32,0.9,0.22,2.24,1.48,8.2,7.3,6.3,1.4,8.5,8.3,6.666666666666665,54.23333333333333,1.6650000000000003,2.707520390812721,9.166387874548333,0.9822779647329976,7.1,25.000000000000007,2.61,-6.9,-25.000000000000007,-1.26
Bonnie,Epic,Marksman,StandardProjectile,Long,10000.0,2240,2240.0,Slow,Long,Marksman,8.7,4,3,Slow,2,Slow,2,Fast,4,Thin,2,High,4,Medium,3,Fast,4,3,4,2,4,4,5,4,3,5,2,4,4,2,4,4,4,0,0,0,0,0,0,0,0,0,0,1,0,,0,0,1,0,0,0,0,0,1,1,0,1,1,Mobility,,Mobility,LongRangePick,0,1,https://brawlify.com/brawlers; https://supercell.com/en/games/brawlstars/blog/release-notes/release-notes-june-2026/,50.3,46.1,49.3,0.0,49.2,17.3,0.12,0.14,0.07,0.02,0.1,0.49,1.6,0.8,1.0,0.0,1.5,0.6,0.9166666666666666,35.36666666666667,0.15666666666666665,0.5946988033169957,21.451868605477394,0.16860209567697154,1.6,50.3,0.47,-0.6,-17.3,-0.47
Brock,Rare,Marksman,Precision,Long,6000.0,2320,2320.0,Normal,Long,Marksman,9.0,5,3,Slow,2,Slow,2,Normal,3,Thin,2,High,4,Medium,3,Normal,3,2,2,2,4,3,3,3,3,4,3,4,3,2,2,5,3,0,0,0,0,0,0,1,0,0,0,0,0,,0,0,0,0,0,0,0,0,0,1,1,1,1,Damage,,Damage,LongRangePick,0,1,https://brawlify.com/brawlers; https://supercell.com/en/games/brawlstars/blog/release-notes/release-notes-june-2026/,50.1,51.6,48.2,47.6,50.2,51.9,2.49,2.25,1.84,1.18,2.47,2.21,7.6,6.2,7.6,4.0,8.0,5.6,6.5,49.93333333333334,2.0733333333333333,1.5375304875026055,1.7431771759252308,0.4966554808583781,4.0,4.299999999999997,1.3100000000000003,-1.5999999999999996,-4.299999999999997,-1.03
Bull,Rare,Tank,Shotgun,Short,10600.0,5 x 880,4400.0,Fast,Normal,Tank,5.3,1,3,Normal,3,Normal,3,Normal,3,VeryWide,5,VeryHigh,5,Medium,3,Normal,3,3,4,2,3,3,3,3,2,3,2,3,3,2,4,1,5,0,1,0,0,0,0,0,1,0,1,0,0,,0,0,1,0,0,0,0,0,0,0,1,0,1,Mobility,,Mobility,CloseRange,0,1,https://brawlify.com/brawlers; https://supercell.com/en/games/brawlstars/blog/release-notes/release-notes-june-2026/,52.8,54.3,49.3,52.1,49.8,49.0,1.73,1.55,1.24,0.77,1.63,1.53,8.0,6.0,7.4,3.9,7.7,4.8,6.3,51.21666666666667,1.4083333333333334,1.6828547174370105,2.162791406184763,0.3530675100694861,4.1,5.299999999999997,0.96,-0.8999999999999999,3.1000000000000014,-0.76
Buster,Mythic,Tank,AreaControl,Short,10000.0,2760,2760.0,Fast,Normal,Tank,3.0,2,3,Fast,4,Fast,4,Normal,3,Wide,4,High,4,Medium,3,Normal,3,2,3,2,2,4,4,3,2,4,3,3,4,5,5,1,5,0,0,0,0,0,0,0,0,1,0,0,0,,0,1,1,1,0,1,0,0,1,0,0,1,1,Shield,,Shield,CloseRange,0,1,https://brawlify.com/brawlers; https://supercell.com/en/games/brawlstars/blog/release-notes/release-notes-june-2026/,55.9,56.2,52.1,55.8,50.5,21.9,0.14,0.11,0.23,0.13,0.2,0.34,2.1,0.8,3.3,1.1,2.9,0.6,1.7999999999999998,48.73333333333333,0.19166666666666665,1.1384199576606164,13.35315193752646,0.08565434412022935,2.6999999999999997,34.300000000000004,0.23000000000000004,0.5000000000000001,33.9,-0.21000000000000002
Buzz,Mythic,Assassin,Melee,Short,10000.0,5 x 840,4200.0,Fast,Short,Assassin,3.0,1,3,Fast,4,Fast,4,VeryFast,5,Normal,3,VeryHigh,5,Medium,3,Fast,4,5,5,4,3,5,5,4,3,5,2,2,4,2,4,1,5,0,0,1,0,0,0,0,0,0,1,1,0,,1,1,1,0,0,0,0,0,0,0,0,1,1,Mobility,,Mobility,CloseRange,0,1,https://brawlify.com/brawlers; https://supercell.com/en/games/brawlstars/blog/release-notes/release-notes-june-2026/,48.4,44.6,50.6,47.3,46.9,34.3,0.61,0.66,0.24,0.16,0.33,0.87,5.0,2.8,3.3,1.1,3.7,2.2,3.016666666666667,45.35,0.47833333333333333,1.331790774358595,5.757343137246556,0.2770860275558237,3.9,16.300000000000004,0.71,-1.1,13.0,-0.71
Byron,Mythic,Marksman,StandardProjectile,Very Long,5200.0,760,760.0,Normal,Very Long,Support,10.0,5,3,Normal,3,Normal,3,VeryFast,5,Narrow,1,Medium,3,Medium,3,Normal,3,2,1,2,5,5,5,4,3,5,3,5,4,5,2,5,1,0,0,0,0,0,0,0,0,0,0,0,1,Ally/Self,0,1,0,0,0,0,0,1,0,0,0,1,1,Healing,Ally/Self,Healing,LongRangePick,0,1,https://brawlify.com/brawlers; https://supercell.com/en/games/brawlstars/blog/release-notes/release-notes-june-2026/,49.4,52.1,47.8,45.2,47.1,50.6,1.62,0.99,2.36,2.13,2.05,0.92,7.2,4.5,7.6,4.1,7.2,4.1,5.783333333333334,48.699999999999996,1.6783333333333335,1.710458028326526,2.5011997121381566,0.6097677153364768,3.5,6.899999999999999,1.44,0.0,-5.399999999999999,1.21
Carl,Super Rare,DamageDealer,StandardProjectile,Long,8400.0,1480,1480.0,Normal,Long,Damage Dealer,8.3,4,1,VerySlow,1,VerySlow,1,Normal,3,Normal,3,Medium,3,High,4,Normal,3,2,2,2,4,3,4,4,3,4,2,4,3,2,3,3,3,0,0,0,0,0,0,0,0,0,1,0,0,,0,0,0,0,0,0,0,0,1,0,1,0,1,Damage,,Damage,HybridDamage,0,1,https://brawlify.com/brawlers; https://supercell.com/en/games/brawlstars/blog/release-notes/release-notes-june-2026/,54.4,51.2,47.9,44.3,50.4,48.9,0.72,0.54,0.55,0.28,0.81,0.55,6.5,3.0,5.3,1.6,6.7,2.9,4.333333333333334,49.51666666666667,0.5750000000000001,2.1228911104120876,3.396125243077274,0.18207141456033124,5.1,10.100000000000001,0.53,-1.2999999999999998,-4.600000000000001,-0.27
Charlie,Mythic,Controller,Deployable,Long,7400.0,1600,1600.0,Normal,Long,Controller,8.7,4,3,Normal,3,Normal,3,Normal,3,Normal,3,Medium,3,Medium,3,Normal,3,2,2,2,4,5,5,4,3,5,4,4,4,4,3,4,2,0,0,0,0,0,1,0,0,0,0,0,0,,0,1,1,1,0,0,0,1,1,0,0,1,1,Control,,AreaControl,ZoneControl,0,1,https://brawlify.com/brawlers; https://supercell.com/en/games/brawlstars/blog/release-notes/release-notes-june-2026/,51.3,44.7,49.3,49.8,49.8,19.4,0.3,0.17,1.5,2.08,0.88,0.34,3.5,0.9,7.7,4.8,6.8,0.5,4.033333333333333,44.050000000000004,0.8783333333333333,2.9756791941784764,12.282467178869235,0.7689581696468715,7.2,31.9,1.9100000000000001,4.3,30.4,1.74
Chester,Legendary,DamageDealer,StandardProjectile,Normal,7600.0,3 x 1340,4020.0,Fast,Long,Damage Dealer,7.0,3,3,Normal,3,Normal,3,Fast,4,Thin,2,VeryHigh,5,Medium,3,Normal,3,2,3,2,3,4,5,4,3,5,3,3,4,3,3,3,4,0,0,0,0,0,0,0,0,0,0,0,1,Self,1,1,1,0,0,0,0,0,1,1,1,1,1,Utility,Self,Utility,HybridDamage,0,1,https://brawlify.com/brawlers; https://supercell.com/en/games/brawlstars/blog/release-notes/release-notes-june-2026/,49.9,52.8,50.0,51.7,50.2,65.4,1.93,0.96,3.95,4.96,3.15,0.63,7.4,4.5,8.2,5.2,8.0,5.0,6.383333333333333,53.333333333333336,2.596666666666667,1.6618263046018575,6.021184822496872,1.7154552359845088,3.6999999999999993,15.500000000000007,4.33,0.20000000000000018,-13.700000000000003,4.33
Chuck,Mythic,Controller,StandardProjectile,Long,9400.0,3 x 1080,3240.0,Fast,Normal,Damage Dealer,6.7,4,3,Slow,2,Slow,2,Fast,4,Normal,3,High,4,Medium,3,VeryFast,5,5,4,5,3,5,5,5,4,5,4,4,5,3,4,4,3,0,0,0,0,0,0,0,0,0,1,0,0,,0,1,1,0,0,0,0,0,1,0,0,1,1,Mobility,,Mobility,ZoneControl,0,1,https://brawlify.com/brawlers; https://supercell.com/en/games/brawlstars/blog/release-notes/release-notes-june-2026/,57.2,66.2,48.8,50.8,52.7,73.7,0.89,1.09,0.74,0.75,0.72,0.74,7.7,6.8,6.2,3.7,6.8,6.5,6.283333333333334,58.23333333333334,0.8216666666666668,1.3614942771332779,9.783796127611547,0.14524691620363814,4.0,24.900000000000006,0.3700000000000001,-2.8,-22.900000000000006,0.010000000000000009
Clancy,Mythic,DamageDealer,Shotgun,Normal,7000.0,1400,1400.0,Normal,Long,Damage Dealer,6.0,3,3,Normal,3,Normal,3,Normal,3,Wide,4,VeryHigh,5,High,4,Fast,4,2,2,2,3,4,5,3,2,4,3,3,5,2,3,3,3,0,1,0,0,0,0,0,1,0,0,0,0,,0,1,1,0,0,0,0,1,1,0,0,1,1,Damage,,Damage,CloseRange,0,1,https://brawlify.com/brawlers; https://supercell.com/en/games/brawlstars/blog/release-notes/release-notes-june-2026/,56.9,51.7,45.0,55.3,50.1,45.5,0.57,0.39,0.25,0.11,0.67,0.32,6.2,2.3,2.9,1.0,6.1,1.8,3.383333333333333,50.75,0.38499999999999995,2.231964754799382,4.908665806509951,0.20666397847714052,5.2,11.899999999999999,0.56,-0.8,9.799999999999997,-0.21000000000000002
Colette,Epic,Tank,StandardProjectile,Long,7200.0,2200,2200.0,Normal,Long,Damage Dealer,8.7,4,3,Fast,4,Fast,4,Fast,4,Thin,2,High,4,Medium,3,Fast,4,3,3,3,4,4,4,3,2,4,2,4,4,2,3,4,2,0,0,0,0,0,0,0,0,0,1,0,1,Self,0,0,1,0,0,1,0,0,0,0,0,1,1,Damage,Self,Damage,CloseRange,0,1,https://brawlify.com/brawlers; https://supercell.com/en/games/brawlstars/blog/release-notes/release-notes-june-2026/,50.0,52.2,52.8,53.4,51.3,55.1,3.53,2.46,3.58,1.88,4.65,1.84,7.6,6.5,8.9,5.2,8.3,6.0,7.083333333333335,52.46666666666667,2.99,1.4218532507494108,1.7568911937472589,1.1163153676269086,3.7,5.100000000000001,2.8100000000000005,-0.7999999999999998,-1.7000000000000028,0.039999999999999813
Colt,Rare,DamageDealer,MultiProjectile,Long,6200.0,6 x 720,4320.0,Normal,Long,Damage Dealer,9.0,4,3,Normal,3,Normal,3,Fast,4,Thin,2,High,4,VeryHigh,5,Normal,3,2,2,2,5,3,3,4,3,5,2,4,3,2,2,4,3,0,0,0,0,0,0,0,1,0,0,0,0,,0,0,0,0,0,0,0,0,1,0,1,0,1,Damage,,Damage,HybridDamage,0,1,https://brawlify.com/brawlers; https://supercell.com/en/games/brawlstars/blog/release-notes/release-notes-june-2026/,47.3,47.2,49.5,48.4,49.0,51.6,3.32,3.17,3.59,3.11,3.31,2.96,7.0,5.8,8.1,4.7,7.8,5.8,6.533333333333334,48.833333333333336,3.2433333333333336,1.3201010062365175,1.6329931618554525,0.2163022576550385,3.3999999999999995,4.399999999999999,0.6299999999999999,-1.0999999999999996,-3.200000000000003,0.1499999999999999
Cordelius,Legendary,Controller,StandardProjectile,Normal,7000.0,2 x 1600,3200.0,Very Fast,Normal,Assassin,5.3,3,3,Fast,4,Fast,4,Fast,4,Normal,3,VeryHigh,5,Medium,3,Fast,4,5,5,5,3,5,5,5,4,5,3,3,4,2,3,3,5,0,0,0,0,0,0,0,0,0,1,0,1,Self,0,1,1,0,1,0,0,0,0,0,0,1,1,Control,Self,AreaControl,ZoneControl,0,1,https://brawlify.com/brawlers; https://supercell.com/en/games/brawlstars/blog/release-notes/release-notes-june-2026/,49.7,49.7,48.8,51.3,48.2,33.3,0.96,0.61,1.25,1.1,1.46,0.79,6.4,3.1,7.3,4.4,7.2,2.1,5.083333333333333,46.833333333333336,1.0283333333333333,2.2103544210525756,6.712277308534465,0.3088958832141773,5.199999999999999,18.0,0.85,2.3000000000000003,18.0,0.31000000000000005
Crow,Legendary,Controller,StandardProjectile,Long,6000.0,3 x 640,1920.0,Very Fast,Long,Assassin,8.7,4,3,Fast,4,Fast,4,VeryFast,5,Thin,2,Medium,3,Medium,3,Normal,3,4,3,5,4,5,5,4,3,5,3,4,3,3,2,5,2,0,0,0,0,0,0,0,0,0,0,1,0,,0,1,1,0,0,0,0,1,0,0,0,1,1,Damage,,Damage,ZoneControl,0,1,https://brawlify.com/brawlers; https://supercell.com/en/games/brawlstars/blog/release-notes/release-notes-june-2026/,49.9,48.7,52.9,52.5,52.2,45.0,3.46,2.99,4.66,5.15,3.96,3.18,7.6,6.0,8.9,5.3,8.5,4.7,6.833333333333332,50.20000000000001,3.9,1.7454703282114727,3.031831129861952,0.858347249078134,4.2,7.899999999999999,2.16,0.5999999999999996,7.5,1.9700000000000002
Damian,Mythic,DamageDealer,AreaControl,Long,11200.0,1400,1400.0,Fast,Short,Tank,8.7,4,3,Normal,3,Normal,3,Normal,3,Wide,4,High,4,High,4,Normal,3,3,3,3,4,4,4,4,3,5,3,4,4,2,3,4,3,0,0,0,0,0,0,0,0,1,0,0,0,,0,1,1,0,0,0,0,0,1,0,0,1,1,Damage,,Damage,ZoneControl,1,1,https://brawlify.com/brawlers; https://supercell.com/en/games/brawlstars/blog/release-notes/release-notes-june-2026/,59.0,59.1,57.0,57.2,58.0,71.4,0.9,0.63,1.95,2.49,1.2,0.43,8.1,4.1,9.8,6.0,9.3,4.4,6.95,60.28333333333333,1.2666666666666668,2.4696153546655806,5.515946579388409,0.8009660833435251,5.700000000000001,14.400000000000006,2.06,1.5999999999999996,-14.200000000000003,2.06
Darryl,Super Rare,Tank,Shotgun,Short,11000.0,10 x 480,4800.0,Fast,Normal,Tank,6.0,1,3,Normal,3,Normal,3,Normal,3,VeryWide,5,VeryHigh,5,Medium,3,Fast,4,4,4,3,3,3,3,3,3,4,2,3,3,2,4,3,5,0,1,0,0,0,0,0,1,0,1,0,0,,0,0,1,0,0,1,0,0,0,0,0,0,1,Mobility,,Mobility,CloseRange,0,1,https://brawlify.com/brawlers; https://supercell.com/en/games/brawlstars/blog/release-notes/release-notes-june-2026/,51.5,47.6,47.9,56.3,49.5,38.4,0.57,0.51,0.26,0.19,0.45,0.61,5.3,2.5,3.2,1.6,4.9,2.2,3.2833333333333337,48.53333333333333,0.4316666666666667,1.5038838607640774,5.899378498339183,0.1704601615236436,3.6999999999999997,17.9,0.42,-0.6000000000000001,17.9,-0.42
Doug,Mythic,Tank,StandardProjectile,Short,10400.0,2400,2400.0,Fast,Short,Support,3.0,1,3,Fast,4,Fast,4,Fast,4,Thin,2,Medium,3,Medium,3,Normal,3,2,3,2,1,3,4,2,1,3,2,2,4,5,5,1,5,0,0,0,0,0,0,0,0,0,0,0,1,Ally/Self,0,0,0,0,0,0,0,0,1,0,0,1,1,Healing,Ally/Self,Healing,CloseRange,0,1,https://brawlify.com/brawlers; https://supercell.com/en/games/brawlstars/blog/release-notes/release-notes-june-2026/,54.6,60.4,53.3,55.6,50.0,66.9,0.66,0.55,0.21,0.11,0.43,0.41,6.3,3.8,3.2,1.0,4.8,3.8,3.8166666666666664,56.800000000000004,0.395,1.757744767213564,5.9956651007206885,0.2054993917265937,5.3,16.900000000000006,0.55,-2.8,-11.300000000000004,-0.3
Draco,Legendary,Tank,Melee,Short,11200.0,1200,1200.0,Normal,Normal,Tank,5.0,2,3,Normal,3,Normal,3,Fast,4,Wide,4,VeryHigh,5,High,4,Fast,4,3,4,3,2,4,5,3,2,4,3,2,4,3,5,2,5,0,0,1,0,0,0,0,0,0,0,0,1,Self,0,1,1,0,0,1,0,0,1,0,0,1,1,Damage,Self,Damage,CloseRange,0,1,https://brawlify.com/brawlers; https://supercell.com/en/games/brawlstars/blog/release-notes/release-notes-june-2026/,50.6,55.0,51.6,46.7,52.4,57.8,0.16,0.15,0.17,0.26,0.13,0.14,2.1,1.1,2.6,1.6,2.0,1.3,1.7833333333333332,52.35,0.16833333333333336,0.5564770136013406,3.8019731719200736,0.047081489639418446,1.5,11.099999999999994,0.13,0.30000000000000004,-11.099999999999994,0.12
Dynamike,Super Rare,Hybrid,Thrower,Long,6000.0,2 x 1600,3200.0,Fast,Long,Artillery,7.3,4,3,Normal,3,Slow,2,Slow,2,Wide,4,VeryHigh,5,Medium,3,Fast,4,2,2,2,5,5,3,5,4,5,4,4,3,2,1,3,3,1,0,0,0,0,0,0,0,1,0,1,0,,1,0,0,0,0,0,0,0,0,1,1,1,1,Damage,,Damage,ZoneControl,0,1,https://brawlify.com/brawlers; https://supercell.com/en/games/brawlstars/blog/release-notes/release-notes-june-2026/,45.5,45.2,45.6,41.0,44.7,49.9,1.57,2.08,0.17,0.11,0.66,2.12,6.3,5.0,2.2,0.7,5.1,5.3,4.1000000000000005,45.31666666666666,1.1183333333333334,2.1568495543268655,2.83366664706113,0.9228524620255757,5.6,8.899999999999999,2.0100000000000002,-4.6,-8.899999999999999,-2.0100000000000002
Edgar,Epic,Assassin,Melee,Short,7200.0,2 x 1080,2160.0,Very Fast,Short,Assassin,2.0,1,3,VeryFast,5,VeryFast,5,VeryFast,5,Thin,2,High,4,High,4,Fast,4,5,5,3,1,3,3,2,1,3,1,1,3,1,3,1,5,0,0,1,0,0,0,0,0,0,0,1,1,Self,0,1,0,0,0,1,0,0,0,0,0,0,1,Mobility,Self,Mobility,CloseRange,0,1,https://brawlify.com/brawlers; https://supercell.com/en/games/brawlstars/blog/release-notes/release-notes-june-2026/,52.1,50.8,51.9,49.0,54.8,55.8,3.82,9.48,2.63,2.73,2.78,7.03,8.1,6.7,8.6,4.8,9.2,6.6,7.333333333333332,52.4,4.745,1.614517471774978,2.521110866265106,2.859781460181879,4.3999999999999995,6.799999999999997,6.8500000000000005,-1.7999999999999998,-6.799999999999997,-4.300000000000001
El Primo,Rare,Tank,Melee,Short,13000.0,4 x 760,3040.0,Fast,Short,Tank,3.0,1,3,Fast,4,Fast,4,VeryFast,5,Normal,3,High,4,Medium,3,Fast,4,4,5,2,3,3,3,3,2,3,2,3,3,2,5,1,5,0,0,1,0,0,0,0,0,0,0,1,1,Self,0,0,1,0,0,0,0,0,0,0,1,0,1,Mobility,Self,Mobility,CloseRange,0,1,https://brawlify.com/brawlers; https://supercell.com/en/games/brawlstars/blog/release-notes/release-notes-june-2026/,47.1,44.1,41.3,20.0,44.8,32.0,0.55,0.79,0.09,0.03,0.21,1.16,4.5,3.1,1.0,0.1,2.5,2.3,2.25,38.21666666666667,0.4716666666666666,1.5514509338035798,10.362126551372873,0.44508051706030294,4.4,27.1,1.13,-2.1999999999999997,-12.0,-1.13
Emz,Epic,Controller,AreaControl,Normal,7800.0,1120,1120.0,Normal,Normal,Controller,7.0,3,3,Normal,3,Normal,3,Normal,3,Wide,4,Medium,3,Medium,3,Normal,3,2,2,2,2,4,3,2,2,3,5,4,4,2,3,2,3,0,0,0,0,0,0,0,0,1,0,0,0,,0,1,1,0,0,0,0,0,0,1,0,1,1,AreaControl,,AreaControl,ZoneControl,0,1,https://brawlify.com/brawlers; https://supercell.com/en/games/brawlstars/blog/release-notes/release-notes-june-2026/,47.1,46.1,52.6,48.7,50.7,50.1,2.62,3.71,0.86,1.14,1.46,3.66,7.0,5.7,7.4,4.1,7.8,5.6,6.266666666666667,49.21666666666667,2.2416666666666667,1.3880441875771345,2.4036777376900313,1.2684229052909235,3.7,6.5,2.85,-1.5,-1.3999999999999986,-2.5200000000000005
Eve,Mythic,Controller,Deployable,Long,6200.0,1280,1280.0,Normal,Very Long,Damage Dealer,9.0,4,3,Normal,3,Normal,3,Normal,3,Thin,2,Medium,3,Medium,3,Normal,3,3,2,3,4,4,4,3,3,4,4,4,4,3,3,4,2,0,0,0,0,0,1,0,0,0,0,0,0,,0,1,1,0,0,0,0,1,1,0,0,1,1,Summon,,Summon,ZoneControl,0,1,https://brawlify.com/brawlers; https://supercell.com/en/games/brawlstars/blog/release-notes/release-notes-june-2026/,59.8,52.5,47.8,52.2,54.5,34.1,0.29,0.23,0.23,0.07,0.35,0.3,4.3,1.5,3.0,0.6,4.8,1.1,2.55,50.15,0.245,1.751285242329187,8.773767719742754,0.0971081870904817,4.2,25.699999999999996,0.27999999999999997,-0.5000000000000001,18.1,-0.22999999999999998
Fang,Mythic,Assassin,Melee,Normal,9000.0,2720,2720.0,Fast,Very Long,Assassin,3.0,3,3,Normal,3,Normal,3,VeryFast,5,Normal,3,VeryHigh,5,Medium,3,Fast,4,5,5,4,4,4,5,4,3,5,2,3,5,2,4,3,5,0,0,1,0,0,0,0,0,0,1,0,0,,1,1,1,0,0,0,0,0,0,0,0,1,1,Mobility,,Mobility,CloseRange,0,1,https://brawlify.com/brawlers; https://supercell.com/en/games/brawlstars/blog/release-notes/release-notes-june-2026/,50.1,51.8,48.7,47.6,47.8,45.5,1.86,1.32,1.53,1.81,1.65,1.3,7.5,5.2,7.6,4.4,7.3,4.1,6.016666666666667,48.583333333333336,1.5783333333333334,1.6314615124687024,2.1793729985173864,0.2386140537911937,3.5,6.299999999999997,0.56,0.3000000000000007,2.1000000000000014,0.51
Finx,Mythic,Controller,StandardProjectile,Long,7400.0,1800,1800.0,Normal,Long,Controller,8.7,4,3,Normal,3,Normal,3,Fast,4,Thin,2,Medium,3,Medium,3,Normal,3,3,2,3,4,5,5,4,3,5,4,4,4,4,3,4,2,0,0,0,0,0,0,0,0,0,0,0,0,,1,1,1,0,0,0,0,0,1,0,0,1,1,Utility,,Utility,ZoneControl,1,1,https://brawlify.com/brawlers; https://supercell.com/en/games/brawlstars/blog/release-notes/release-notes-june-2026/,51.4,52.7,51.4,47.2,50.4,62.3,0.19,0.16,0.41,0.52,0.25,0.15,2.4,1.1,4.9,2.7,3.3,1.5,2.6500000000000004,52.56666666666666,0.27999999999999997,1.3619838471876236,5.118072553868951,0.1515255753990065,3.8000000000000003,15.099999999999994,0.37,1.2000000000000002,-15.099999999999994,0.37
Frank,Epic,Tank,StandardProjectile,Normal,13600.0,2320,2320.0,Fast,Normal,Tank,6.0,2,3,Normal,3,VerySlow,1,VeryFast,5,VeryWide,5,VeryHigh,5,Medium,3,Normal,3,1,2,1,2,4,4,3,2,4,4,3,5,3,5,1,5,0,0,0,0,0,0,0,0,0,0,0,0,,1,0,1,0,0,0,0,0,1,1,1,1,1,Stun,,Stun,CloseRange,0,1,https://brawlify.com/brawlers; https://supercell.com/en/games/brawlstars/blog/release-notes/release-notes-june-2026/,48.2,44.8,52.3,53.7,50.9,43.9,0.84,1.51,0.21,0.12,0.29,1.83,5.8,4.4,3.1,1.0,3.9,4.3,3.75,48.96666666666666,0.7999999999999999,1.6084153692376855,4.021774069570129,0.7262506454386117,4.8,9.800000000000004,1.71,-3.3,9.800000000000004,-1.71
Gale,Epic,Controller,AreaControl,Long,8000.0,6 x 560,3360.0,Normal,Long,Controller,8.7,4,3,Normal,3,Normal,3,Normal,3,Wide,4,Medium,3,Medium,3,Fast,4,2,2,3,3,4,4,3,2,4,4,4,4,4,3,3,2,0,0,0,0,0,0,0,1,1,0,1,0,,1,1,1,0,0,0,0,0,1,1,1,1,1,Control,,AreaControl,ZoneControl,0,1,https://brawlify.com/brawlers; https://supercell.com/en/games/brawlstars/blog/release-notes/release-notes-june-2026/,47.5,45.8,44.7,61.5,45.2,41.7,0.45,0.41,0.16,0.08,0.35,0.47,4.1,2.0,1.9,0.8,3.7,2.1,2.433333333333333,47.73333333333333,0.31999999999999995,1.2355835328567093,7.004760286167304,0.16223439832538597,3.3,19.799999999999997,0.38999999999999996,-1.3,19.799999999999997,-0.38999999999999996
Gene,Mythic,Controller,AreaControl,Long,7600.0,2000,2000.0,Normal,Very Long,Controller,8.7,4,3,Normal,3,Normal,3,Normal,3,Wide,4,Medium,3,Medium,3,Normal,3,2,2,2,3,5,5,3,3,5,3,4,4,5,3,4,2,0,0,0,0,0,0,0,0,1,0,0,1,Ally/Area,0,1,1,1,0,0,0,1,0,0,0,1,1,Pull,Ally/Area,Utility,ZoneControl,0,1,https://brawlify.com/brawlers; https://supercell.com/en/games/brawlstars/blog/release-notes/release-notes-june-2026/,50.3,46.2,49.6,52.7,48.8,20.3,0.39,0.27,1.47,2.2,0.81,0.58,4.1,1.5,7.7,5.2,6.4,0.8,4.283333333333333,44.65,0.9533333333333333,2.716922278363271,12.114247809913747,0.743684520927165,6.9,32.400000000000006,1.9300000000000002,4.4,32.400000000000006,1.62
Gigi,Mythic,Controller,StandardProjectile,Normal,8200.0,1000,1000.0,Very Fast,Short,Assassin,7.0,3,3,Normal,3,Normal,3,Fast,4,Thin,2,Medium,3,Medium,3,Normal,3,3,3,3,3,4,5,4,3,5,4,3,4,5,3,3,2,0,0,0,0,0,0,0,0,0,0,0,1,Ally/Self,0,1,0,0,0,0,0,0,0,0,0,1,1,Utility,Ally/Self,Utility,ZoneControl,1,1,https://brawlify.com/brawlers; https://supercell.com/en/games/brawlstars/blog/release-notes/release-notes-june-2026/,53.5,54.8,51.1,54.8,51.4,52.3,0.21,0.17,0.14,0.09,0.21,0.16,2.8,1.3,2.1,0.8,3.1,1.2,1.8833333333333335,52.98333333333334,0.16333333333333333,0.932559202767667,1.6363577440971344,0.045460605656619524,2.3,3.6999999999999957,0.12,-0.3999999999999999,2.5,-0.07
Glowy,Mythic,Controller,AreaControl,Long,,,,,,,8.7,4,3,Normal,3,Normal,3,Normal,3,Wide,4,Medium,3,Medium,3,Normal,3,2,2,2,3,4,4,3,2,4,5,4,4,3,3,4,2,0,0,0,0,0,0,0,0,1,0,0,0,,0,1,1,0,0,0,0,0,1,0,0,1,1,AreaControl,,AreaControl,ZoneControl,1,1,https://brawlify.com/brawlers; https://supercell.com/en/games/brawlstars/blog/release-notes/release-notes-june-2026/,46.7,50.3,53.5,42.3,47.8,51.3,0.13,0.1,0.12,0.08,0.1,0.12,1.5,0.7,2.0,0.5,1.5,0.9,1.1833333333333333,48.650000000000006,0.10833333333333332,0.5741660619251774,3.952594084901712,0.018348478592697177,1.5,11.200000000000003,0.05,-0.4,-9.0,-0.039999999999999994
Gray,Mythic,Assassin,StandardProjectile,Long,6800.0,2320,2320.0,Normal,Long,Support,9.3,4,3,Slow,2,Slow,2,VeryFast,5,Narrow,1,High,4,Medium,3,Normal,3,4,4,4,5,5,5,5,4,5,2,4,4,5,3,4,3,0,0,0,0,0,0,0,0,0,0,1,0,,0,1,1,1,0,0,0,0,0,0,1,1,1,Utility,,Utility,CloseRange,0,1,https://brawlify.com/brawlers; https://supercell.com/en/games/brawlstars/blog/release-notes/release-notes-june-2026/,51.0,55.1,44.4,36.0,47.5,57.5,0.44,0.29,0.4,0.22,0.47,0.23,4.5,2.0,3.9,1.0,4.7,1.9,3.0,48.583333333333336,0.34166666666666673,1.5594870951694342,7.808051400104041,0.10907184176801392,3.7,21.5,0.24999999999999997,-0.8999999999999999,-21.5,-0.010000000000000009
Griff,Epic,DamageDealer,Shotgun,Normal,7200.0,9 x 560,5040.0,Normal,Long,Controller,5.0,3,3,Normal,3,Normal,3,Normal,3,Wide,4,VeryHigh,5,High,4,Normal,3,2,2,2,3,3,3,3,2,4,3,3,4,2,3,3,4,0,1,0,0,0,0,0,1,0,0,0,0,,0,0,1,0,0,0,0,1,1,1,1,1,1,Damage,,Damage,CloseRange,0,1,https://brawlify.com/brawlers; https://supercell.com/en/games/brawlstars/blog/release-notes/release-notes-june-2026/,47.1,49.0,44.2,42.2,47.6,59.8,5.21,7.28,2.09,0.96,4.03,6.5,7.0,6.4,6.7,3.1,7.4,7.3,6.316666666666667,48.31666666666666,4.345000000000001,1.619156158826772,6.143099109298713,2.475841271164208,4.300000000000001,17.599999999999994,6.32,-4.199999999999999,-17.599999999999994,-5.54
Grom,Epic,Hybrid,Thrower,Long,6000.0,2280,2280.0,Normal,Long,Artillery,7.3,4,3,Normal,3,Slow,2,Slow,2,Wide,4,VeryHigh,5,Low,2,Normal,3,2,1,2,5,5,4,5,4,5,4,4,3,2,1,4,1,1,0,0,0,0,0,0,0,1,0,0,0,,0,0,1,0,0,0,0,0,1,1,1,1,1,Damage,,Damage,ZoneControl,0,1,https://brawlify.com/brawlers; https://supercell.com/en/games/brawlstars/blog/release-notes/release-notes-june-2026/,54.1,56.0,49.9,37.5,49.6,33.1,0.79,0.77,0.11,0.02,0.44,1.41,6.7,4.3,1.6,0.1,4.9,2.6,3.366666666666667,46.699999999999996,0.59,2.396386168101182,9.268225288586807,0.5143150785267723,6.6000000000000005,22.9,1.39,-2.5,4.399999999999999,-1.39
Gus,Super Rare,Support,StandardProjectile,Long,6600.0,2160,2160.0,Normal,Very Long,Support,9.3,4,3,Normal,3,Normal,3,Fast,4,Thin,2,Medium,3,Medium,3,Normal,3,2,2,2,4,4,4,3,3,4,2,3,3,5,3,4,3,0,0,0,0,0,0,0,0,0,0,0,1,Ally,0,0,1,0,0,1,0,0,0,0,0,0,1,Shield,Other,Shield,TeamUtility,0,1,https://brawlify.com/brawlers; https://supercell.com/en/games/brawlstars/blog/release-notes/release-notes-june-2026/,49.2,54.4,47.4,47.0,48.2,55.0,0.72,0.47,0.74,0.43,0.88,0.39,5.6,2.9,6.0,2.4,6.4,2.7,4.333333333333333,50.20000000000001,0.6050000000000001,1.850045044496665,3.5709942593065023,0.20107212636265626,4.0,8.0,0.49,-0.30000000000000027,-8.0,0.03999999999999998
Hank,Epic,Controller,StandardProjectile,Normal,10400.0,4200,4200.0,Normal,Short,Tank,7.0,2,3,Normal,3,Normal,3,Fast,4,Thin,2,High,4,Medium,3,Normal,3,2,2,2,2,4,4,3,2,4,3,3,4,2,5,2,4,0,0,0,0,0,0,0,0,0,0,0,0,,0,1,1,0,0,0,0,0,1,1,0,1,1,Damage,,Damage,ZoneControl,0,1,https://brawlify.com/brawlers; https://supercell.com/en/games/brawlstars/blog/release-notes/release-notes-june-2026/,51.6,57.9,49.1,37.0,50.0,43.8,0.2,0.16,0.14,0.08,0.17,0.2,2.5,1.2,2.1,0.4,2.5,1.1,1.6333333333333335,48.23333333333333,0.15833333333333335,0.86178110136314,7.13433014842085,0.04490731195102494,2.1,20.9,0.12000000000000001,-0.7000000000000001,-6.799999999999997,-0.12000000000000001
Jacky,Super Rare,Tank,StandardProjectile,Short,10000.0,2480,2480.0,Fast,Short,Tank,3.3,1,3,Normal,3,Fast,4,VeryFast,5,VeryWide,5,Medium,3,Medium,3,Normal,3,2,2,2,1,3,3,3,1,2,3,3,3,2,5,3,5,0,0,0,0,0,0,0,0,0,0,0,0,,0,0,0,1,0,1,0,0,0,1,0,0,1,Control,,AreaControl,CloseRange,0,1,https://brawlify.com/brawlers; https://supercell.com/en/games/brawlstars/blog/release-notes/release-notes-june-2026/,54.3,57.3,48.7,0.0,49.7,32.1,0.29,0.3,0.05,0.01,0.17,0.67,3.7,2.2,0.8,0.0,2.4,1.8,1.8166666666666667,40.349999999999994,0.24833333333333332,1.2937026963976952,21.611270207926232,0.23853022170506336,3.7,57.3,0.66,-1.8,-32.1,-0.66
Jae-Yong,Mythic,Support,StandardProjectile,Normal,7400.0,1700,1700.0,Fast,Long,Support,7.0,3,3,Normal,3,Normal,3,Fast,4,Thin,2,Medium,3,Medium,3,Normal,3,3,3,3,3,5,5,4,3,5,3,3,4,5,3,3,2,0,0,0,0,0,0,0,0,0,0,0,1,Ally/Team,0,1,0,0,0,0,0,0,0,0,0,1,1,Buff,Other,Utility,TeamUtility,1,1,https://brawlify.com/brawlers; https://supercell.com/en/games/brawlstars/blog/release-notes/release-notes-june-2026/,42.2,41.9,48.3,42.6,43.9,57.5,0.81,1.07,0.67,0.57,0.65,1.38,4.7,3.4,5.9,2.5,5.0,5.9,4.566666666666666,46.06666666666667,0.8583333333333334,1.3706446172026747,6.078376976353693,0.3102525852699162,3.4000000000000004,15.600000000000001,0.8099999999999999,-3.4000000000000004,-14.899999999999999,-0.8099999999999999
Janet,Mythic,Marksman,StandardProjectile,Long,6800.0,2000,2000.0,Normal,Normal,Marksman,8.3,4,3,Slow,2,Slow,2,Fast,4,Normal,3,High,4,Medium,3,Normal,3,4,3,5,4,5,4,4,3,5,3,4,4,3,3,4,2,0,0,0,0,0,0,0,0,0,0,1,0,,0,1,1,0,0,0,0,0,1,1,0,1,1,Mobility,,Mobility,LongRangePick,0,1,https://brawlify.com/brawlers; https://supercell.com/en/games/brawlstars/blog/release-notes/release-notes-june-2026/,49.9,54.0,48.8,48.4,49.4,54.2,0.15,0.13,0.21,0.09,0.2,0.13,2.0,0.9,2.8,0.7,2.7,1.1,1.7,50.78333333333333,0.15166666666666667,0.9273618495495703,2.620241719129492,0.045789372857319925,2.0999999999999996,5.800000000000004,0.12,-0.40000000000000013,-5.800000000000004,-0.04000000000000001
Jessie,Super Rare,Controller,Deployable,Normal,6600.0,2120,2120.0,Normal,Long,Controller,7.0,3,3,Normal,3,Normal,3,Normal,3,Normal,3,Medium,3,Medium,3,Normal,3,2,2,2,3,3,4,3,3,4,4,3,5,3,3,3,3,0,0,0,0,0,1,0,0,0,0,0,0,,0,1,0,0,0,0,0,1,1,0,0,1,1,Summon,,Summon,ZoneControl,0,1,https://brawlify.com/brawlers; https://supercell.com/en/games/brawlstars/blog/release-notes/release-notes-june-2026/,51.2,55.1,45.8,61.5,48.4,58.3,1.4,1.85,0.1,0.04,0.62,1.78,7.4,6.5,1.3,0.4,5.6,6.5,4.616666666666666,53.38333333333333,0.9649999999999999,2.9862462501720564,6.0018052839680385,0.81970116505956,7.0,15.700000000000003,1.81,-6.1,3.200000000000003,-1.74
Juju,Mythic,Controller,Thrower,Long,6200.0,2000,2000.0,Very Fast,Normal,Artillery,7.3,4,3,Normal,3,Slow,2,Slow,2,Wide,4,Medium,3,Medium,3,Normal,3,3,2,3,4,5,5,4,3,5,5,4,4,4,3,4,2,1,0,0,0,0,1,0,0,1,0,0,0,,0,1,1,0,0,0,0,1,1,0,0,1,1,AreaControl,,AreaControl,ZoneControl,0,1,https://brawlify.com/brawlers; https://supercell.com/en/games/brawlstars/blog/release-notes/release-notes-june-2026/,55.4,62.4,51.2,56.7,51.1,60.0,0.26,0.18,0.25,0.09,0.31,0.16,3.5,1.6,3.5,0.8,4.0,1.5,2.4833333333333334,56.13333333333333,0.20833333333333334,1.3377842377105011,4.577189822005054,0.07985403350280226,3.2,11.299999999999997,0.22,-0.7,-3.299999999999997,-0.07
Kaze,Ultra Legendary,Assassin,Melee,Short,8200.0,1500,1500.0,Very Fast,Short,Assassin,3.0,1,3,Fast,4,Fast,4,VeryFast,5,Normal,3,VeryHigh,5,High,4,Fast,4,5,5,5,4,5,5,5,4,5,2,2,4,2,3,1,5,0,0,1,0,0,0,0,0,0,1,1,0,,0,1,1,0,0,0,1,0,1,0,0,1,1,Mobility,,Mobility,CloseRange,1,1,https://brawlify.com/brawlers; https://supercell.com/en/games/brawlstars/blog/release-notes/release-notes-june-2026/,51.8,53.5,52.1,53.9,50.4,59.9,0.6,0.32,1.78,2.11,0.99,0.27,5.5,2.1,8.5,5.4,7.1,2.3,5.1499999999999995,53.599999999999994,1.0116666666666667,2.5547994050414213,3.3322664959453645,0.7739616700242117,6.4,9.5,1.8399999999999999,3.1000000000000005,-6.0,1.8399999999999999
Kenji,Legendary,Assassin,Melee,Short,8000.0,1500,1500.0,Very Fast,Short,Assassin,2.7,1,3,Fast,4,Fast,4,VeryFast,5,Normal,3,VeryHigh,5,High,4,Fast,4,5,5,5,3,5,5,5,4,5,2,2,4,2,4,1,5,0,0,1,0,0,0,0,0,0,1,0,1,Self,0,1,1,0,0,0,0,0,1,0,0,1,1,Mobility,Self,Mobility,CloseRange,0,1,https://brawlify.com/brawlers; https://supercell.com/en/games/brawlstars/blog/release-notes/release-notes-june-2026/,45.8,43.2,50.4,52.4,49.4,57.7,2.9,5.18,1.92,2.29,1.83,6.46,6.7,5.2,8.2,5.2,7.7,6.9,6.650000000000001,49.81666666666666,3.4299999999999997,1.2469963913339923,5.08425674672972,1.9320455481173315,2.999999999999999,14.5,4.63,-1.7000000000000002,-5.300000000000004,-4.17
Kit,Legendary,Assassin,Melee,Short,6200.0,2000,2000.0,Very Fast,Short,Support,2.0,1,3,Fast,4,Fast,4,VeryFast,5,Normal,3,VeryHigh,5,Medium,3,Fast,4,5,5,4,2,5,5,4,3,5,2,2,4,5,3,1,5,0,0,1,0,0,0,0,0,0,0,1,1,Ally/Self,1,1,1,0,0,0,1,0,1,0,0,1,1,Healing,Ally/Self,Healing,CloseRange,0,1,https://brawlify.com/brawlers; https://supercell.com/en/games/brawlstars/blog/release-notes/release-notes-june-2026/,47.7,50.5,48.9,52.7,47.7,61.3,0.87,0.66,1.27,1.5,0.86,0.52,5.8,3.3,7.4,5.0,6.3,4.0,5.3,51.46666666666666,0.9466666666666667,1.5126136320951231,5.17906040384418,0.3710345895825168,4.1000000000000005,13.599999999999994,0.98,1.0,-8.599999999999994,0.98
Larry & Lawrie,Epic,Controller,Thrower,Long,,,,,,,7.3,4,3,Normal,3,Slow,2,Slow,2,Wide,4,High,4,Medium,3,Normal,3,2,2,2,3,5,5,4,3,5,5,4,5,3,3,4,2,1,0,0,0,0,1,0,0,1,0,0,0,,0,1,1,0,0,0,0,1,1,1,0,1,1,Summon,,Summon,ZoneControl,0,1,https://brawlify.com/brawlers; https://supercell.com/en/games/brawlstars/blog/release-notes/release-notes-june-2026/,50.1,43.6,48.7,80.0,53.5,23.8,0.25,0.31,0.07,0.03,0.18,0.79,2.9,1.5,1.0,0.5,2.8,1.2,1.6499999999999997,49.949999999999996,0.27166666666666667,0.9853933224860009,18.118140081145196,0.27498484806742834,2.4,56.2,0.76,-0.7,56.2,-0.76
Leon,Legendary,Assassin,MultiProjectile,Normal,7200.0,4 x 960,3840.0,Very Fast,Very Long,Assassin,8.0,3,3,Normal,3,Normal,3,Fast,4,Normal,3,VeryHigh,5,Medium,3,Normal,3,4,5,4,3,4,4,3,2,4,2,3,4,2,3,3,5,0,0,0,0,0,0,0,1,0,0,0,1,Self,0,1,1,0,0,0,1,0,0,0,0,1,1,Invisibility,Self,Utility,CloseRange,0,1,https://brawlify.com/brawlers; https://supercell.com/en/games/brawlstars/blog/release-notes/release-notes-june-2026/,48.7,47.5,51.6,51.7,51.3,42.0,2.02,1.54,2.19,2.29,2.19,1.67,7.2,4.9,8.5,5.1,8.3,3.9,6.316666666666666,48.800000000000004,1.9833333333333332,1.9395016542057053,3.7533984600625607,0.3083936877866774,4.6,9.700000000000003,0.75,1.1999999999999997,9.700000000000003,0.6200000000000001
Lily,Mythic,Assassin,Melee,Short,8400.0,2120,2120.0,Very Fast,Short,Assassin,2.0,1,2,Normal,3,Fast,4,VeryFast,5,Thin,2,VeryHigh,5,Medium,3,Fast,4,5,5,4,3,4,4,4,3,5,2,2,3,1,3,1,5,0,0,1,0,0,0,0,0,0,0,1,0,,0,1,1,0,1,0,0,0,0,0,0,1,1,Mobility,,Mobility,CloseRange,0,1,https://brawlify.com/brawlers; https://supercell.com/en/games/brawlstars/blog/release-notes/release-notes-june-2026/,50.6,52.7,46.8,43.6,48.1,56.1,1.08,0.77,0.71,0.52,0.99,0.61,6.8,4.0,5.8,2.4,6.7,3.9,4.933333333333333,49.650000000000006,0.7799999999999999,1.7727567985109143,4.4482580860377245,0.2170714168194422,4.4,12.5,0.56,-1.5,-12.5,-0.08999999999999997
Lola,Epic,DamageDealer,Deployable,Long,8000.0,6 x 560,3360.0,Normal,Long,Damage Dealer,8.7,4,3,Normal,3,Normal,3,Normal,3,Normal,3,High,4,High,4,Normal,3,2,2,2,4,4,5,4,3,5,3,4,4,3,3,4,2,0,0,0,0,0,1,0,0,0,0,0,0,,0,0,0,0,0,0,0,1,0,0,0,1,1,Summon,,Summon,HybridDamage,0,1,https://brawlify.com/brawlers; https://supercell.com/en/games/brawlstars/blog/release-notes/release-notes-june-2026/,55.7,50.3,51.8,59.1,53.2,48.6,0.18,0.16,0.41,0.51,0.25,0.19,2.6,1.0,5.0,3.8,3.7,1.3,2.9000000000000004,53.116666666666674,0.2833333333333333,1.556920036482285,3.8091556369708335,0.1436198686347633,4.0,10.5,0.35,2.5,10.5,0.32
Lou,Mythic,Controller,AreaControl,Long,7000.0,3 x 880,2640.0,Normal,Very Long,Controller,8.7,4,3,Normal,3,Normal,3,Normal,3,Wide,4,Medium,3,Medium,3,Normal,3,2,2,2,4,4,4,3,3,4,5,4,5,3,3,4,2,0,0,0,0,0,0,0,0,1,0,0,0,,1,1,1,0,0,0,0,0,0,0,0,1,1,Stun,,Stun,ZoneControl,0,1,https://brawlify.com/brawlers; https://supercell.com/en/games/brawlstars/blog/release-notes/release-notes-june-2026/,48.4,46.2,44.7,50.0,46.1,32.1,0.34,0.33,0.18,0.09,0.3,0.44,3.5,1.7,2.1,0.7,3.4,1.3,2.1166666666666667,44.583333333333336,0.28,1.1321071798494464,6.39794237756692,0.12505998560690787,2.8,17.9,0.35,-0.6000000000000001,17.9,-0.35
Lumi,Mythic,Controller,StandardProjectile,Long,6200.0,1800,1800.0,Normal,Long,Damage Dealer,8.7,4,3,Normal,3,Normal,3,Fast,4,Thin,2,High,4,High,4,Normal,3,3,2,3,4,4,4,4,3,5,3,4,4,3,3,4,2,0,0,0,0,0,0,0,0,0,0,0,0,,0,1,1,0,0,0,0,1,1,0,0,1,1,Damage,,Damage,ZoneControl,1,1,https://brawlify.com/brawlers; https://supercell.com/en/games/brawlstars/blog/release-notes/release-notes-june-2026/,48.7,49.2,50.4,49.2,47.5,55.7,0.5,0.24,2.15,3.89,1.07,0.19,4.5,1.4,8.2,4.8,6.7,1.5,4.516666666666667,50.116666666666674,1.34,2.728674892079792,2.8909629306974294,1.4470383547093697,6.799999999999999,8.200000000000003,3.7,3.3,-6.5,3.7
Maisie,Epic,DamageDealer,AreaControl,Long,8000.0,3000,3000.0,Normal,Long,Marksman,8.7,4,3,Normal,3,Normal,3,Normal,3,Wide,4,VeryHigh,5,Medium,3,Fast,4,3,3,3,5,4,4,4,3,5,3,4,4,2,3,4,3,0,0,0,0,0,0,0,0,1,1,0,0,,1,1,1,0,0,0,0,0,1,1,1,1,1,Control,,AreaControl,ZoneControl,0,1,https://brawlify.com/brawlers; https://supercell.com/en/games/brawlstars/blog/release-notes/release-notes-june-2026/,50.7,49.2,49.7,72.7,48.8,32.8,0.22,0.22,0.1,0.03,0.18,0.38,2.7,1.4,1.6,0.5,2.4,1.2,1.633333333333333,50.65,0.18833333333333335,0.8066391179868893,12.737778456230114,0.11973582031567107,2.2,39.900000000000006,0.35,-0.7,39.900000000000006,-0.35
Mandy,Epic,Marksman,Precision,Very Long,6000.0,2600,2600.0,Normal,Long,Marksman,10.0,5,3,Slow,2,Slow,2,VeryFast,5,Narrow,1,VeryHigh,5,Low,2,Normal,3,1,1,1,5,5,4,4,3,5,2,5,3,2,1,5,1,0,0,0,0,0,0,1,0,0,0,0,0,,0,1,0,0,0,0,0,0,1,0,1,1,1,Damage,,Damage,LongRangePick,0,1,https://brawlify.com/brawlers; https://supercell.com/en/games/brawlstars/blog/release-notes/release-notes-june-2026/,45.6,52.2,47.4,41.2,46.7,64.2,1.52,1.44,0.48,0.15,0.98,1.13,6.3,5.5,4.8,0.8,6.4,6.5,5.050000000000001,49.54999999999999,0.9500000000000002,2.1824298385056964,7.996436706433685,0.5402221765162922,5.7,23.0,1.37,-5.7,-23.0,-0.9799999999999999
Max,Mythic,Support,StandardProjectile,Normal,7000.0,4 x 640,2560.0,Very Fast,Long,Support,8.0,3,4,Fast,4,Fast,4,Fast,4,Thin,2,Medium,3,High,4,Normal,3,5,4,5,4,5,5,4,3,5,2,4,4,5,3,3,3,0,0,0,0,0,0,0,0,0,1,0,0,,0,1,0,0,0,0,0,0,0,0,0,1,1,Mobility,,Mobility,TeamUtility,0,1,https://brawlify.com/brawlers; https://supercell.com/en/games/brawlstars/blog/release-notes/release-notes-june-2026/,45.8,31.4,48.5,60.9,46.4,30.9,0.17,0.25,0.1,0.07,0.12,0.31,1.9,0.7,1.5,0.7,1.6,1.0,1.2333333333333332,43.98333333333333,0.17,0.5046450898073483,11.359826876615097,0.09316651759081693,1.2,30.0,0.24,-0.30000000000000004,30.0,-0.24
Meeple,Epic,Controller,StandardProjectile,Normal,6600.0,2520,2520.0,Normal,Long,Controller,7.0,3,3,Normal,3,Normal,3,Fast,4,Thin,2,Medium,3,Medium,3,Normal,3,2,2,2,3,4,5,3,2,4,4,3,4,4,3,3,2,0,0,0,0,0,0,0,0,0,0,0,0,,1,1,1,0,0,0,0,0,1,1,0,1,1,Utility,,Utility,ZoneControl,1,1,https://brawlify.com/brawlers; https://supercell.com/en/games/brawlstars/blog/release-notes/release-notes-june-2026/,51.4,56.8,49.2,46.6,49.4,61.1,1.02,0.41,4.19,4.9,2.49,0.3,6.8,2.8,8.0,4.4,7.8,2.6,5.3999999999999995,52.41666666666668,2.2183333333333333,2.4527535546809425,5.457624635926024,1.9767996020504122,5.4,14.5,4.6000000000000005,1.8000000000000003,-14.5,4.6000000000000005
Meg,Legendary,Tank,StandardProjectile,Long,7400.0,2 x 600,1200.0,Fast,Long,Tank,9.0,4,3,Normal,3,Normal,3,Fast,4,Thin,2,High,4,High,4,Fast,4,2,3,2,3,4,5,3,2,4,3,4,5,3,5,4,3,0,0,0,0,0,0,0,0,0,0,0,0,,0,1,1,0,0,0,0,0,1,0,0,1,1,Damage,,Damage,CloseRange,0,1,https://brawlify.com/brawlers; https://supercell.com/en/games/brawlstars/blog/release-notes/release-notes-june-2026/,45.0,39.2,48.3,66.7,51.7,36.7,0.12,0.23,0.04,0.04,0.06,0.35,1.4,1.0,0.6,0.4,1.1,1.4,0.9833333333333334,47.93333333333334,0.14,0.4119061381755152,10.747774963529272,0.12569805089976535,0.9999999999999999,30.0,0.31,-0.9999999999999999,30.0,-0.31
Melodie,Mythic,Assassin,StandardProjectile,Normal,7600.0,3 x 1840,5520.0,Normal,Long,Assassin,8.0,3,3,Normal,3,Normal,3,Fast,4,Thin,2,VeryHigh,5,High,4,Fast,4,5,5,5,4,5,5,5,4,5,2,3,5,2,3,3,5,0,0,0,0,0,0,0,0,0,1,0,0,,0,1,1,0,0,0,0,0,0,0,0,1,1,Mobility,,Mobility,CloseRange,0,1,https://brawlify.com/brawlers; https://supercell.com/en/games/brawlstars/blog/release-notes/release-notes-june-2026/,55.9,48.4,51.1,49.6,52.8,44.1,0.51,0.39,1.02,1.42,0.67,0.44,5.6,2.1,7.5,4.5,6.6,2.1,4.733333333333333,50.31666666666666,0.7416666666666667,2.2721502297750176,4.019660018790975,0.40276130234503243,5.4,11.799999999999997,1.0299999999999998,2.4,5.5,0.98
Mico,Mythic,Assassin,Melee,Short,7000.0,2280,2280.0,Very Fast,Normal,Assassin,3.0,1,3,Fast,4,Fast,4,VeryFast,5,Normal,3,High,4,Medium,3,Fast,4,5,5,5,3,5,5,5,4,5,2,2,4,1,3,1,5,0,0,1,0,0,0,0,0,0,0,1,0,,1,1,1,0,0,0,0,0,1,0,0,1,1,Mobility,,Mobility,CloseRange,0,1,https://brawlify.com/brawlers; https://supercell.com/en/games/brawlstars/blog/release-notes/release-notes-june-2026/,58.0,64.1,50.6,45.8,54.8,73.5,1.34,0.84,1.06,0.52,1.32,0.52,8.8,5.6,7.4,2.6,8.6,5.2,6.366666666666667,57.800000000000004,0.9333333333333332,2.371216284244579,9.910196768984964,0.36914315199752346,6.200000000000001,27.700000000000003,0.8200000000000001,-2.6,-27.700000000000003,0.0
Mina,Mythic,Controller,AreaControl,Normal,7200.0,1600,1600.0,Fast,Long,Damage Dealer,7.0,3,3,Normal,3,Normal,3,Normal,3,Wide,4,High,4,Medium,3,Normal,3,3,3,3,3,4,5,4,3,5,4,3,4,4,3,3,3,0,0,0,0,0,0,0,0,1,0,0,0,,1,1,1,0,0,0,0,0,1,0,0,1,1,Control,,AreaControl,ZoneControl,1,1,https://brawlify.com/brawlers; https://supercell.com/en/games/brawlstars/blog/release-notes/release-notes-june-2026/,53.3,57.3,51.1,48.3,51.8,64.4,0.95,0.36,3.2,4.03,1.89,0.24,7.1,2.6,8.5,4.7,8.3,2.3,5.583333333333333,54.366666666666674,1.7783333333333333,2.7802278084118695,5.7353872290078804,1.559992521349595,6.2,16.10000000000001,3.79,2.4000000000000004,-16.10000000000001,3.79
Moe,Mythic,Controller,StandardProjectile,Normal,7200.0,1000,1000.0,Fast,Long,Damage Dealer,7.0,3,3,Normal,3,Normal,3,Fast,4,Thin,2,High,4,Medium,3,Fast,4,4,4,4,3,4,5,4,3,5,3,3,4,2,4,3,4,0,0,0,0,0,0,0,0,0,1,0,0,,0,1,1,0,0,0,0,0,1,0,1,1,1,Mobility,,Mobility,ZoneControl,0,1,https://brawlify.com/brawlers; https://supercell.com/en/games/brawlstars/blog/release-notes/release-notes-june-2026/,50.3,52.7,46.1,48.6,50.1,44.0,0.13,0.08,0.38,0.4,0.2,0.08,1.7,0.6,4.0,2.4,2.8,0.5,2.0,48.63333333333333,0.21166666666666667,1.349073756323204,3.1417617138584313,0.1451091543172472,3.5,8.700000000000003,0.32,1.9,4.600000000000001,0.32
Mortis,Mythic,Assassin,Melee,Short,8000.0,2000,2000.0,Very Fast,Short,Assassin,2.7,5,3,VerySlow,1,Slow,2,VeryFast,5,Thin,2,Medium,3,VeryLow,1,Normal,3,5,5,2,5,5,5,4,5,4,1,3,1,3,1,5,1,0,0,1,0,0,0,0,0,0,0,1,Self,0,1,1,0,0,0,0,0,0,0,0,0,1,1,Mobility,Other,Mobility,CloseRange,0,1,https://brawlify.com/brawlers; https://supercell.com/en/games/brawlstars/blog/release-notes/release-notes-june-2026/,50.8,54.1,51.8,52.1,51.1,68.7,2.82,2.09,4.06,4.28,2.89,1.57,7.8,6.6,8.7,5.3,8.2,8.0,7.433333333333333,54.76666666666667,2.9516666666666667,1.2564500255349063,6.923486597565326,1.0644701342295455,3.3999999999999995,17.900000000000006,2.71,-2.7,-16.6,2.71
Mr. P,Mythic,Controller,Deployable,Long,7400.0,1520,1520.0,Normal,Long,Controller,8.7,4,3,Normal,3,Normal,3,Normal,3,Normal,3,Medium,3,Medium,3,Normal,3,2,1,2,3,4,4,3,2,4,4,4,4,3,3,4,1,0,0,0,0,0,1,0,0,0,0,0,0,,0,1,1,0,0,0,0,1,1,0,0,1,1,Summon,,Summon,ZoneControl,0,1,https://brawlify.com/brawlers; https://supercell.com/en/games/brawlstars/blog/release-notes/release-notes-june-2026/,58.0,48.0,47.4,20.0,54.5,27.4,0.3,0.31,0.11,0.01,0.33,0.58,4.2,1.7,1.6,0.0,4.6,1.3,2.2333333333333334,42.550000000000004,0.2733333333333334,1.7895995827745006,15.315057949612859,0.19765289440498124,4.6,38.0,0.57,-1.3,-7.399999999999999,-0.57
Najia,Mythic,Assassin,MultiProjectile,Short,6800.0,800,800.0,Fast,Very Long,Damage Dealer,3.0,1,3,Fast,4,Fast,4,Fast,4,Thin,2,VeryHigh,5,Medium,3,Fast,4,5,5,4,3,4,4,4,3,5,2,2,4,1,3,1,5,0,0,0,0,0,0,0,1,0,1,0,0,,0,1,1,0,0,0,0,0,0,0,0,1,1,Mobility,,Mobility,CloseRange,1,1,https://brawlify.com/brawlers; https://supercell.com/en/games/brawlstars/blog/release-notes/release-notes-june-2026/,53.5,59.5,50.0,49.2,51.7,70.5,1.95,1.01,2.82,2.98,2.68,0.6,8.3,5.6,8.2,4.8,8.4,5.3,6.766666666666666,55.73333333333333,2.006666666666667,1.7001960671248086,8.112377374522628,1.0037463158919522,3.6000000000000005,21.299999999999997,2.38,-0.5,-21.299999999999997,2.38
Nani,Epic,Marksman,Precision,Very Long,5000.0,3 x 1480,4440.0,Normal,Long,Marksman,10.0,5,3,Slow,2,Slow,2,Fast,4,Narrow,1,VeryHigh,5,Low,2,Normal,3,2,1,2,5,5,5,5,4,5,2,5,3,2,2,5,1,0,0,0,0,0,0,1,0,0,0,1,0,,1,0,1,0,0,0,0,0,1,1,1,1,1,Damage,,Damage,LongRangePick,0,1,https://brawlify.com/brawlers; https://supercell.com/en/games/brawlstars/blog/release-notes/release-notes-june-2026/,51.2,55.4,47.6,49.3,50.0,58.5,0.83,0.51,0.96,0.6,1.1,0.4,6.3,3.2,6.6,3.1,7.3,3.1,4.933333333333334,52.00000000000001,0.7333333333333333,1.9986662219256786,4.125530268947253,0.2734715097897159,4.199999999999999,10.899999999999999,0.7000000000000001,0.0,-9.200000000000003,0.19999999999999996
Nita,Rare,Controller,Deployable,Normal,8400.0,1920,1920.0,Normal,Normal,Damage Dealer,7.0,3,3,Normal,3,Normal,3,Normal,3,Normal,3,Medium,3,Medium,3,Normal,3,2,2,2,3,3,3,3,3,3,3,3,4,3,4,3,3,0,0,0,0,0,1,0,0,0,0,0,0,,1,0,0,0,0,0,0,1,0,1,0,1,1,Summon,,Summon,ZoneControl,0,1,https://brawlify.com/brawlers; https://supercell.com/en/games/brawlstars/blog/release-notes/release-notes-june-2026/,54.0,53.3,53.3,50.7,54.3,41.5,1.25,1.29,1.01,0.89,1.09,1.65,7.8,5.4,7.9,4.0,8.2,3.8,6.183333333333334,51.18333333333334,1.1966666666666665,2.034125528738742,4.9113813399762245,0.2673325020768456,4.3999999999999995,12.799999999999997,0.7599999999999999,0.20000000000000018,9.200000000000003,-0.7599999999999999
Ollie,Mythic,Controller,AreaControl,Normal,10800.0,2000,2000.0,Fast,Normal,Tank,7.0,3,3,Normal,3,Normal,3,Normal,3,Wide,4,Medium,3,Medium,3,Fast,4,3,3,3,3,4,5,4,3,5,4,3,4,4,3,3,3,0,0,0,0,0,0,0,0,1,1,0,0,,1,1,1,0,0,0,0,0,1,0,0,1,1,Control,,AreaControl,ZoneControl,1,1,https://brawlify.com/brawlers; https://supercell.com/en/games/brawlstars/blog/release-notes/release-notes-june-2026/,54.5,27.7,47.0,45.0,52.2,14.7,0.07,0.1,0.11,0.18,0.08,0.21,1.1,0.3,1.6,1.1,1.4,0.2,0.9499999999999998,40.18333333333334,0.125,0.575325994545701,15.64780069743562,0.05683308895353128,1.4000000000000001,39.8,0.13999999999999999,0.9000000000000001,30.3,-0.03
Otis,Mythic,Controller,MultiProjectile,Normal,7200.0,3 x 920,2760.0,Normal,Long,Controller,9.0,3,3,Normal,3,Normal,3,Fast,4,Thin,2,High,4,High,4,Normal,3,2,2,2,3,4,4,3,2,4,3,3,4,3,3,3,3,0,0,0,0,0,0,0,1,0,0,0,0,,0,1,0,0,1,0,0,0,1,0,0,1,1,Silence,,Utility,ZoneControl,0,1,https://brawlify.com/brawlers; https://supercell.com/en/games/brawlstars/blog/release-notes/release-notes-june-2026/,51.5,50.6,48.9,47.7,49.6,41.5,1.3,0.57,3.86,4.15,3.08,0.41,7.3,3.0,7.9,4.6,7.9,1.9,5.433333333333334,48.300000000000004,2.2283333333333335,2.636411702801113,3.5827363843855444,1.6732413653345612,6.0,10.0,3.74,2.6999999999999997,6.200000000000003,3.74
Pam,Epic,Tank,AreaControl,Normal,10000.0,9 x 520,4680.0,Normal,Long,Support,8.7,3,3,Slow,2,Slow,2,Normal,3,Wide,4,Medium,3,High,4,Normal,3,2,2,2,2,3,3,2,2,3,3,3,4,5,5,2,3,0,0,0,0,0,0,0,0,1,0,0,1,Ally/Area,0,0,1,0,0,0,0,1,0,0,0,1,1,Healing,Ally/Area,Healing,CloseRange,0,1,https://brawlify.com/brawlers; https://supercell.com/en/games/brawlstars/blog/release-notes/release-notes-june-2026/,55.0,45.4,42.2,50.0,52.0,22.4,0.11,0.14,0.05,0.03,0.07,0.37,1.6,0.8,0.7,0.2,1.2,0.7,0.8666666666666667,44.5,0.12833333333333333,0.48027769744874343,11.758061064648372,0.12496666222103663,1.4000000000000001,32.6,0.33999999999999997,-0.49999999999999994,27.6,-0.33999999999999997
Pearl,Epic,DamageDealer,Shotgun,Long,8600.0,6 x 560,3360.0,Normal,Long,Damage Dealer,5.0,4,3,Normal,3,Normal,3,Normal,3,Wide,4,High,4,High,4,Normal,3,2,2,2,3,4,4,3,2,4,3,4,4,2,4,4,3,0,1,0,0,0,0,0,1,0,0,0,0,,0,1,1,0,0,0,0,0,1,1,1,1,1,Damage,,Damage,CloseRange,0,1,https://brawlify.com/brawlers; https://supercell.com/en/games/brawlstars/blog/release-notes/release-notes-june-2026/,53.6,45.6,50.4,34.0,53.2,30.9,0.25,0.25,0.22,0.15,0.29,0.3,3.2,1.3,3.0,0.6,4.1,1.0,2.1999999999999997,44.616666666666674,0.24333333333333332,1.4184498581197713,9.895941929228702,0.05428320796219275,3.4999999999999996,22.700000000000003,0.15,-0.4,3.1000000000000014,-0.15
Penny,Super Rare,Controller,Deployable,Long,7000.0,1960,1960.0,Normal,Long,Artillery,8.7,4,3,Normal,3,Normal,3,Normal,3,Normal,3,Medium,3,Medium,3,Normal,3,2,2,2,3,4,4,3,3,3,4,4,5,3,3,3,3,0,0,0,0,0,1,0,0,0,0,0,0,,0,0,0,0,0,0,0,1,0,1,0,1,1,Summon,,Summon,ZoneControl,0,1,https://brawlify.com/brawlers; https://supercell.com/en/games/brawlstars/blog/release-notes/release-notes-june-2026/,51.3,51.5,51.4,54.1,49.8,56.5,1.41,1.2,1.52,1.65,1.46,0.97,7.4,4.9,8.2,5.2,7.6,5.0,6.383333333333333,52.43333333333334,1.3683333333333334,1.5052131631987096,2.4278934627917,0.24473795510027999,3.299999999999999,6.700000000000003,0.6799999999999999,0.20000000000000018,-2.3999999999999986,0.6799999999999999
Pierce,Legendary,DamageDealer,StandardProjectile,Long,6000.0,1900,1900.0,Normal,Very Long,Marksman,8.7,4,3,Normal,3,Normal,3,Fast,4,Thin,2,VeryHigh,5,High,4,Normal,3,3,3,3,4,4,4,4,3,5,3,4,4,2,3,4,3,0,0,0,0,0,0,0,0,0,0,0,0,,0,1,1,0,0,0,0,1,1,0,0,1,1,Damage,,Damage,HybridDamage,1,1,https://brawlify.com/brawlers; https://supercell.com/en/games/brawlstars/blog/release-notes/release-notes-june-2026/,48.8,53.5,48.7,52.1,48.0,67.8,1.73,0.89,4.76,5.75,3.16,0.62,7.1,4.4,7.9,5.3,7.5,5.2,6.233333333333333,53.150000000000006,2.8183333333333334,1.4445299120013635,7.497933048514103,2.1079413337820068,3.5,19.799999999999997,5.13,0.09999999999999964,-15.699999999999996,5.13
Piper,Epic,Marksman,Precision,Very Long,5000.0,3400,3400.0,Normal,Very Long,Marksman,10.0,5,3,Slow,2,Slow,2,VeryFast,5,Narrow,1,VeryHigh,5,Low,2,Normal,3,2,1,3,5,5,4,4,3,5,2,5,3,2,2,5,1,0,0,0,0,0,0,1,0,0,0,1,0,,0,1,1,0,0,0,0,0,0,0,1,0,1,Damage,,Damage,LongRangePick,0,1,https://brawlify.com/brawlers; https://supercell.com/en/games/brawlstars/blog/release-notes/release-notes-june-2026/,46.5,47.5,45.1,43.9,46.1,53.5,1.46,1.82,0.55,0.17,1.02,1.71,6.4,5.2,4.8,1.0,6.3,5.6,4.883333333333334,47.099999999999994,1.1216666666666666,2.000416623272929,3.3680855096033415,0.6619793551665086,5.4,9.600000000000001,1.6500000000000001,-4.6,-9.600000000000001,-1.54
Poco,Rare,Support,AreaControl,Normal,8000.0,1520,1520.0,Normal,Long,Support,7.0,3,3,Normal,3,Normal,3,Fast,4,VeryWide,5,Medium,3,Low,2,Normal,3,2,2,2,1,3,3,3,1,3,3,3,4,5,4,3,3,0,0,0,0,0,0,0,0,1,0,0,1,Ally/Team,0,0,0,0,0,0,0,0,1,0,0,0,1,Healing,Other,Healing,ZoneControl,0,1,https://brawlify.com/brawlers; https://supercell.com/en/games/brawlstars/blog/release-notes/release-notes-june-2026/,49.7,47.8,52.7,47.9,50.1,37.1,0.59,0.64,0.28,0.21,0.42,0.85,5.1,3.0,4.0,1.4,4.8,2.5,3.4666666666666663,47.550000000000004,0.49833333333333335,1.4250146198080447,5.422822143496871,0.24045096520219386,3.6999999999999997,15.600000000000001,0.64,-1.1,10.799999999999997,-0.64
R-T,Mythic,Controller,StandardProjectile,Long,8200.0,1400,1400.0,Very Fast,Very Long,Damage Dealer,10.0,4,3,Slow,2,Slow,2,VeryFast,5,Narrow,1,High,4,Medium,3,Normal,3,2,2,2,4,5,5,4,3,5,3,4,4,3,3,4,3,0,0,0,0,0,0,0,0,0,0,0,0,,0,1,1,0,0,0,0,0,1,0,0,1,1,Damage,,Damage,ZoneControl,0,1,https://brawlify.com/brawlers; https://supercell.com/en/games/brawlstars/blog/release-notes/release-notes-june-2026/,49.7,59.1,44.0,48.3,45.7,53.5,0.16,0.11,0.18,0.08,0.23,0.11,2.0,0.9,2.1,0.6,2.7,0.9,1.5333333333333332,50.050000000000004,0.145,0.8453795991545259,5.52295210915322,0.05540758070878028,2.1,15.100000000000001,0.15000000000000002,-0.30000000000000004,-5.200000000000003,-0.03
Rico,Super Rare,DamageDealer,Bounce,Long,6000.0,5 x 640,3200.0,Normal,Very Long,Damage Dealer,9.7,4,3,Normal,3,Normal,3,Fast,4,Thin,2,Medium,3,VeryHigh,5,Normal,3,2,2,2,5,4,3,5,3,5,2,5,3,2,2,4,3,0,0,0,0,1,0,0,0,0,0,0,0,,0,0,0,0,0,0,0,0,1,0,0,0,1,Damage,,Damage,HybridDamage,0,1,https://brawlify.com/brawlers; https://supercell.com/en/games/brawlstars/blog/release-notes/release-notes-june-2026/,46.3,48.1,45.5,43.9,46.6,52.5,3.35,3.34,1.4,0.82,2.27,2.96,6.8,6.0,6.8,3.1,7.1,5.9,5.949999999999999,47.15,2.356666666666667,1.4761436244485153,2.9609120216581926,1.0584642963589592,3.9999999999999996,8.600000000000001,2.5300000000000002,-2.8000000000000003,-8.600000000000001,-2.14
Rosa,Rare,Tank,Melee,Short,10800.0,3 x 920,2760.0,Fast,Short,Tank,3.7,1,3,Fast,4,Fast,4,VeryFast,5,Wide,4,Medium,3,Medium,3,Normal,3,2,2,2,3,3,3,3,2,3,3,3,4,2,5,3,5,0,0,1,0,0,0,0,0,0,0,0,1,Self,0,1,0,0,0,1,0,0,1,0,0,0,1,Shield,Self,Shield,CloseRange,0,1,https://brawlify.com/brawlers; https://supercell.com/en/games/brawlstars/blog/release-notes/release-notes-june-2026/,55.2,36.8,50.4,48.0,51.8,22.7,0.18,0.24,0.13,0.15,0.14,0.47,2.6,0.9,2.0,1.0,2.2,0.8,1.5833333333333333,44.15,0.21833333333333327,0.7756717518813399,12.23629845991017,0.12952477240538454,1.8,32.5,0.33999999999999997,0.19999999999999996,25.3,-0.31999999999999995
Ruffs,Mythic,Controller,Bounce,Long,6000.0,2 x 1200,2400.0,Normal,Long,Support,8.7,4,3,Normal,3,Normal,3,Fast,4,Thin,2,Medium,3,Medium,3,Normal,3,2,2,2,4,5,5,4,3,5,4,4,4,5,3,4,2,0,0,0,0,1,0,0,0,0,0,0,0,,1,1,1,0,0,0,0,0,1,1,1,1,1,Buff,,Utility,ZoneControl,0,1,https://brawlify.com/brawlers; https://supercell.com/en/games/brawlstars/blog/release-notes/release-notes-june-2026/,49.5,54.3,47.8,44.1,47.7,46.9,0.25,0.12,1.34,1.86,0.66,0.1,2.9,0.9,7.2,3.9,5.7,0.7,3.5499999999999994,48.38333333333333,0.7216666666666667,2.5936460822556344,3.394358064003657,0.7284069375470463,6.5,10.199999999999996,1.76,3.2,-2.799999999999997,1.76
Sam,Epic,Tank,Melee,Short,11400.0,2 x 1600,3200.0,Fast,â€”,Assassin,3.0,1,3,Fast,4,Fast,4,VeryFast,5,Normal,3,VeryHigh,5,High,4,Fast,4,4,5,4,2,5,5,4,3,5,2,2,4,2,5,1,5,0,0,1,0,0,0,0,0,0,1,0,1,Self,0,1,1,1,0,0,0,1,1,0,0,1,1,Mobility,Self,Mobility,CloseRange,0,1,https://brawlify.com/brawlers; https://supercell.com/en/games/brawlstars/blog/release-notes/release-notes-june-2026/,58.8,56.0,48.3,55.6,48.6,34.7,0.07,0.07,0.04,0.03,0.05,0.12,1.3,0.5,0.7,0.3,0.8,0.5,0.6833333333333332,50.333333333333336,0.06333333333333334,0.3488074922742725,8.752980444778032,0.032041639575194444,1.0,24.099999999999994,0.09,-0.2,20.9,-0.09
Sandy,Legendary,Controller,AreaControl,Normal,8200.0,1800,1800.0,Fast,Normal,Controller,7.0,3,3,Normal,3,Normal,3,Normal,3,Wide,4,Medium,3,Medium,3,Normal,3,3,3,3,2,5,5,3,2,5,5,4,5,5,4,3,3,0,0,0,0,0,0,0,0,1,0,0,1,Ally/Area,1,1,0,0,0,0,1,1,1,0,0,1,1,Control,Ally/Area,AreaControl,ZoneControl,0,1,https://brawlify.com/brawlers; https://supercell.com/en/games/brawlstars/blog/release-notes/release-notes-june-2026/,52.6,44.6,50.6,56.4,52.7,23.1,0.34,0.36,0.21,0.16,0.29,0.9,3.9,1.8,3.0,1.4,4.0,1.3,2.566666666666667,46.666666666666664,0.3766666666666667,1.230717947649528,12.177629763901784,0.267482086627622,2.7,33.3,0.74,0.09999999999999987,33.3,-0.74
Shade,Epic,Assassin,AreaControl,Short,7400.0,1600,1600.0,Very Fast,Very Short,Assassin,3.0,1,3,Fast,4,Fast,4,Normal,3,Wide,4,VeryHigh,5,Medium,3,Fast,4,5,5,4,3,4,4,4,3,5,2,2,4,2,3,1,5,0,0,0,0,0,0,0,0,1,1,1,0,,0,1,1,0,0,0,1,0,1,0,0,1,1,Mobility,,Mobility,CloseRange,1,1,https://brawlify.com/brawlers; https://supercell.com/en/games/brawlstars/blog/release-notes/release-notes-june-2026/,52.4,55.7,52.4,55.4,52.1,58.8,0.94,0.58,1.56,1.75,1.24,0.45,6.9,3.5,8.5,5.5,7.9,3.3,5.933333333333334,54.46666666666666,1.0866666666666667,2.210580617545234,2.6575678103609444,0.5236665605771164,5.2,6.699999999999996,1.3,2.2,-3.3999999999999986,1.3
Shelly,Starting,Tank,Shotgun,Normal,7800.0,5 x 600,3000.0,Fast,Long,Damage Dealer,5.7,2,3,Normal,3,Normal,3,Normal,3,Wide,4,High,4,Medium,3,Fast,4,2,2,2,3,3,3,3,1,3,2,3,3,2,3,3,5,0,1,0,0,0,0,0,1,0,0,0,0,,0,1,1,0,0,0,0,0,0,1,1,0,1,Control,,AreaControl,CloseRange,0,1,https://brawlify.com/brawlers; https://supercell.com/en/games/brawlstars/blog/release-notes/release-notes-june-2026/,44.3,36.7,47.8,46.9,44.2,31.0,0.58,0.87,0.21,0.09,0.35,1.14,4.3,2.5,2.7,0.7,3.5,2.2,2.65,41.81666666666667,0.5399999999999999,1.2227019260637484,6.582831204479319,0.40447496832313373,3.5999999999999996,16.799999999999997,1.0499999999999998,-1.5000000000000002,15.899999999999999,-1.0499999999999998
Sirius,Ultra Legendary,Controller,StandardProjectile,Long,7400.0,2 x 1200,2400.0,Fast,Long,Controller,8.7,4,3,Normal,3,Normal,3,Fast,4,Thin,2,VeryHigh,5,High,4,Normal,3,4,3,4,4,5,5,5,4,5,4,4,5,4,3,4,3,0,0,0,0,0,0,0,0,0,0,0,0,,1,1,1,0,0,0,0,1,1,1,1,1,1,Utility,,Utility,ZoneControl,1,1,https://brawlify.com/brawlers; https://supercell.com/en/games/brawlstars/blog/release-notes/release-notes-june-2026/,48.2,52.4,52.2,52.4,48.9,63.5,0.72,0.65,0.59,0.78,0.74,0.61,5.4,3.5,6.2,3.9,6.2,4.6,4.966666666666666,52.93333333333334,0.6816666666666666,1.1535452599125302,5.503332323844043,0.07626707459098368,2.7,15.299999999999997,0.19000000000000006,-0.6999999999999997,-11.100000000000001,0.17000000000000004
Spike,Legendary,Controller,AreaControl,Long,6000.0,1080,1080.0,Normal,Long,Damage Dealer,8.7,4,3,Normal,3,Normal,3,Normal,3,Wide,4,VeryHigh,5,Medium,3,Normal,3,2,2,2,4,4,4,3,2,4,5,4,4,3,2,4,2,0,0,0,0,0,0,0,0,1,0,0,0,,0,1,1,0,0,0,0,1,1,0,0,1,1,AreaControl,,AreaControl,ZoneControl,0,1,https://brawlify.com/brawlers; https://supercell.com/en/games/brawlstars/blog/release-notes/release-notes-june-2026/,44.5,40.3,46.6,41.5,46.0,42.1,1.6,1.74,0.54,0.12,1.23,1.99,6.1,4.0,5.0,0.7,6.6,4.1,4.416666666666666,43.5,1.2033333333333334,2.098968000391303,2.571380951940028,0.7319198498925048,5.8999999999999995,6.300000000000004,1.87,-3.3999999999999995,-0.6000000000000014,-1.87
Sprout,Mythic,Controller,Thrower,Long,6400.0,2080,2080.0,Normal,Normal,Artillery,7.3,4,3,Normal,3,Slow,2,Slow,2,Wide,4,Medium,3,Medium,3,Normal,3,2,1,2,4,5,5,4,3,5,5,5,4,4,2,4,1,1,0,0,0,0,0,0,0,1,0,0,1,Self,0,1,1,0,0,1,0,0,1,0,1,1,1,Control,Self,AreaControl,ZoneControl,0,1,https://brawlify.com/brawlers; https://supercell.com/en/games/brawlstars/blog/release-notes/release-notes-june-2026/,50.8,54.9,53.8,47.4,48.9,53.9,0.26,0.2,0.21,0.17,0.22,0.23,3.0,1.4,3.3,1.1,2.9,1.7,2.2333333333333334,51.61666666666667,0.215,0.9416297927883689,3.0524853262000566,0.030166206257996712,2.1999999999999997,7.5,0.09,-0.5999999999999999,-6.5,-0.06
Squeak,Mythic,Controller,AreaControl,Long,7600.0,2160,2160.0,Normal,Long,Controller,8.3,4,3,Slow,2,Slow,2,Slow,2,Normal,3,Medium,3,Medium,3,Normal,3,2,1,2,3,4,4,3,2,4,5,4,4,3,2,4,1,0,0,0,0,0,0,0,0,1,0,0,0,,0,1,1,0,0,0,0,0,1,1,0,1,1,AreaControl,,AreaControl,ZoneControl,0,1,https://brawlify.com/brawlers; https://supercell.com/en/games/brawlstars/blog/release-notes/release-notes-june-2026/,44.8,46.3,48.3,46.5,46.2,44.8,1.01,1.09,0.29,0.13,0.6,1.17,5.6,4.0,3.5,0.9,5.1,3.8,3.8166666666666664,46.15,0.7149999999999999,1.6412393690947906,1.2973048986263793,0.44062455673736567,4.699999999999999,3.5,1.04,-2.9,1.7000000000000028,-1.04
Starr Nova,Mythic,Controller,AreaControl,Long,7400.0,1080,1080.0,Very Fast,Normal,Assassin,8.7,4,3,Normal,3,Normal,3,Normal,3,Wide,4,High,4,Medium,3,Normal,3,3,2,3,4,5,5,4,3,5,5,4,4,4,3,4,2,0,0,0,0,0,0,0,0,1,0,0,0,,1,1,1,0,0,0,0,0,1,1,1,1,1,AreaControl,,AreaControl,ZoneControl,1,1,https://brawlify.com/brawlers; https://supercell.com/en/games/brawlstars/blog/release-notes/release-notes-june-2026/,50.5,51.1,50.8,42.7,51.8,66.8,0.83,0.86,0.91,1.08,0.76,0.77,6.2,4.0,7.2,3.3,6.8,5.7,5.533333333333332,52.28333333333333,0.8683333333333333,1.5616230872610288,7.868777965266694,0.1178841238957421,3.9000000000000004,24.099999999999994,0.32000000000000006,-2.4000000000000004,-24.099999999999994,0.31000000000000005
Stu,Epic,Assassin,StandardProjectile,Normal,7000.0,2 x 1080,2160.0,Normal,Long,Assassin,7.0,3,3,Fast,4,Fast,4,Fast,4,Thin,2,Medium,3,High,4,Fast,4,5,4,5,4,5,5,5,4,5,2,4,4,2,3,3,4,0,0,0,0,0,0,0,0,0,1,0,1,Self,0,0,1,0,0,0,0,0,0,0,0,1,1,Mobility,Self,Mobility,CloseRange,0,1,https://brawlify.com/brawlers; https://supercell.com/en/games/brawlstars/blog/release-notes/release-notes-june-2026/,47.4,51.2,50.6,51.4,49.9,56.2,0.68,0.49,1.31,1.71,0.87,0.43,5.2,2.7,7.8,4.9,6.7,3.1,5.066666666666666,51.11666666666667,0.915,1.9825908974538005,2.880567073801038,0.5022250491562522,5.1,8.800000000000004,1.28,1.8000000000000003,-4.800000000000004,1.28
Surge,Legendary,Assassin,StandardProjectile,Normal,6600.0,2360,2360.0,Slow,Normal,Damage Dealer,7.0,3,3,Fast,4,Fast,4,Fast,4,Thin,2,VeryHigh,5,High,4,Fast,4,4,4,3,3,5,5,4,3,5,3,3,5,2,3,3,4,0,0,0,0,0,0,0,0,0,0,1,0,,1,1,1,0,0,1,0,1,1,0,1,1,1,Mobility,,Mobility,CloseRange,0,1,https://brawlify.com/brawlers; https://supercell.com/en/games/brawlstars/blog/release-notes/release-notes-june-2026/,49.9,51.1,43.7,46.2,48.8,39.8,0.69,0.64,0.19,0.08,0.53,0.85,5.6,3.3,2.2,0.5,5.2,2.8,3.266666666666666,46.583333333333336,0.49666666666666665,1.9075289425501953,4.2611813698394325,0.3005106764603658,5.1,11.300000000000004,0.77,-2.3,6.400000000000006,-0.77
Tara,Mythic,Controller,Deployable,Normal,6600.0,3 x 960,2880.0,Normal,Long,Damage Dealer,7.0,3,3,Normal,3,Normal,3,Normal,3,Normal,3,Medium,3,High,4,Normal,3,2,2,2,3,4,4,3,4,4,3,5,3,3,3,3,0,0,0,0,0,0,1,0,0,0,0,1,Self,1,1,1,1,0,0,1,1,1,0,0,1,1,1,Control,Other,AreaControl,ZoneControl,0,1,https://brawlify.com/brawlers; https://supercell.com/en/games/brawlstars/blog/release-notes/release-notes-june-2026/,52.3,42.8,50.3,50.0,51.0,40.0,0.56,0.63,0.41,0.35,0.57,0.7,5.4,2.5,4.8,2.3,5.8,2.5,3.8833333333333333,47.73333333333333,0.5366666666666667,1.6216246996967782,5.047639712446468,0.1326147302024427,3.5,12.299999999999997,0.35,-0.20000000000000018,10.0,-0.35
Tick,Super Rare,Hybrid,Thrower,Long,4800.0,3 x 1360,4080.0,Normal,Long,Artillery,7.3,5,3,Normal,3,Slow,2,Slow,2,Wide,4,Medium,3,Medium,3,Normal,3,2,2,2,3,5,4,3,3,4,5,5,4,2,1,3,3,1,0,0,0,0,0,0,0,1,0,0,0,,0,0,1,0,0,0,0,1,0,1,0,1,1,AreaControl,,AreaControl,ZoneControl,0,1,https://brawlify.com/brawlers; https://supercell.com/en/games/brawlstars/blog/release-notes/release-notes-june-2026/,50.8,53.1,44.8,61.9,48.3,55.4,1.45,2.06,0.2,0.06,0.86,1.73,7.4,6.4,2.4,0.7,6.4,6.0,4.883333333333334,52.38333333333333,1.06,2.6776233242684953,5.9475765372684934,0.8222651640438138,6.7,17.1,2.0,-5.3,6.5,-1.67
Trunk,Epic,Controller,AreaControl,Short,10400.0,2800,2800.0,Fast,Short,Tank,3.0,1,3,Normal,3,Normal,3,Normal,3,Wide,4,High,4,Medium,3,Fast,4,3,4,2,2,4,4,3,2,4,3,2,4,2,5,1,5,0,0,0,0,0,0,0,0,1,0,0,0,,1,1,1,0,0,1,0,0,1,1,1,1,1,Control,,AreaControl,ZoneControl,1,1,https://brawlify.com/brawlers; https://supercell.com/en/games/brawlstars/blog/release-notes/release-notes-june-2026/,52.6,52.2,54.1,53.0,54.4,55.0,0.26,0.23,0.47,0.58,0.26,0.23,3.2,1.5,5.8,3.4,3.9,1.8,3.266666666666666,53.550000000000004,0.3383333333333333,1.5564917817536545,1.1095043938624116,0.14932068398807535,4.3,2.799999999999997,0.35,1.5999999999999999,-2.0,0.35
Willow,Mythic,Controller,Thrower,Long,6600.0,2400,2400.0,Normal,Long,Controller,7.3,4,3,Normal,3,Slow,2,Slow,2,Wide,4,Medium,3,Medium,3,Normal,3,2,1,2,4,5,5,4,3,5,5,4,4,3,2,4,1,1,0,0,0,0,0,0,0,1,0,0,0,,0,1,1,0,0,0,0,0,1,0,0,1,1,Control,,AreaControl,ZoneControl,0,1,https://brawlify.com/brawlers; https://supercell.com/en/games/brawlstars/blog/release-notes/release-notes-june-2026/,51.2,54.6,52.6,47.6,49.2,53.9,0.27,0.19,0.22,0.18,0.27,0.18,3.2,1.4,3.3,1.3,3.4,1.4,2.3333333333333335,51.51666666666667,0.21833333333333335,1.0614455552060438,2.7264751358973847,0.04262237284181475,2.0999999999999996,7.0,0.09000000000000002,-0.09999999999999987,-6.299999999999997,0.0
Ziggy,Mythic,DamageDealer,MultiProjectile,Long,6400.0,1900,1900.0,Fast,Long,Controller,8.7,4,3,Normal,3,Normal,3,Fast,4,Thin,2,VeryHigh,5,High,4,Normal,3,3,3,3,4,4,4,4,3,5,3,4,4,2,3,4,3,0,0,0,0,0,0,0,1,0,0,0,0,,0,1,1,0,0,0,0,0,1,0,0,1,1,Damage,,Damage,HybridDamage,1,1,https://brawlify.com/brawlers; https://supercell.com/en/games/brawlstars/blog/release-notes/release-notes-june-2026/,48.2,56.0,49.9,64.3,47.5,60.0,0.23,0.18,0.16,0.08,0.23,0.16,2.6,1.3,2.3,1.0,2.9,1.5,1.9333333333333336,54.31666666666666,0.17333333333333334,0.7711463328491336,6.902004539745439,0.05573747990954262,1.9,16.799999999999997,0.15000000000000002,-0.5,4.299999999999997,-0.08
